time,"[BMS] Auxillary Battery Voltage (V)","[BMS] Battery Current (A)","[BMS] Battery DC Voltage (V)","[BMS] Battery Fan Duty Feedback (%)","[BMS] Battery Fan Feedback (Hz)","[BMS] Battery Fan Status ()","[BMS] Battery Inlet Temperature (℉)","[BMS] Battery management ()","[BMS] Battery Max Temperature (℉)","[BMS] Battery Min Temperature (℉)","[BMS] Battery Pack B01 (℉)","[BMS] Battery Pack B02 (℉)","[BMS] Battery Pack B03 (℉)","[BMS] Battery Pack B04 (℉)","[BMS] Battery Pack B05 (℉)","[BMS] Battery Power (kW)","[BMS] Battery temperature at WCS input (℉)","[BMS] Battery temperature PRA (℉)","[BMS] Battery work time total (h) (h)","[BMS] Battery work time total (sec.) (sec.)","[BMS] BMS Ignition ()","[BMS] BMS Main Relay ()","[BMS] CALC Average Cell Voltage 58kWh (V)","[BMS] CALC Average Cell Voltage 72kWh (V)","[BMS] CALC Average Cell Voltage 77kWh (V)","[BMS] Coolant temperature 2 (℉)","[BMS] Cumulative Charge Current (Ah)","[BMS] Cumulative Discharge Current (Ah)","[BMS] Cumulative Energy Charged (kWh)","[BMS] Cumulative Energy Discharged (kWh)","[BMS] DATC A/C Compressor operation RPM var.1 (rpm)","[BMS] Drive Motor Speed 1 (rpm)","[BMS] Drive Motor Speed 2 (rpm)","[BMS] HV_Charging ()","[BMS] Inverter Capacitor Voltage (V)","[BMS] Isolation Resistance (kOhm)","[BMS] Maximum Cell Voltage (V)","[BMS] Maximum Cell Voltage No ()","[BMS] Minimum Cell Voltage (V)","[BMS] Minimum Cell Voltage No ()","[BMS] Normal Charge Port ()","[BMS] Operating Time (Hours)","[BMS] Rapid Charge Port ()","[BMS] State of Charge BMS (%)","[HVAC] Coolant temperature #1 (℉)","[HVAC] Coolant temperature 1 (℉)","[HVAC] Evaporator Temperature (℉)","[HVAC] Humidity sensor for automatic defogger (%)","[HVAC] Indoor Temperature (℉)","[HVAC] Interior temperature: driver legs vent (℉)","[HVAC] Interior temperature: driver vent (℉)","[HVAC] Interior temperature: front (℉)","[HVAC] Inverter temperature (℉)","[HVAC] Outdoor Temperature (℉)","[HVAC] Outside temperature (℉)","[HVAC] Real Vehicle Speed (mph)","[ICCU] Aux. Battery Current (A)","[ICCU] Aux. Battery State of Charge (%)","[ICCU] Aux. Battery Temperature (℉)","[ICCU] Aux. Battery Voltage (V)","[ICCU] LDC Input Voltage (V)","[ICCU] LDC Output Current (A)","[ICCU] LDC Output Voltage (V)","[ICCU] LDC Temperature (℉)","[ICCU] OBC AC Current A (RMS) (A)","[ICCU] OBC AC Current B (RMS) (A)","[ICCU] OBC AC Frequency (Hz)","[ICCU] OBC AC Input Current Sensor A Signal Voltage (V)","[ICCU] OBC AC Input Current Sensor B Signal Voltage (V)","[ICCU] OBC AC Total Current (RMS) (A)","[ICCU] OBC AC Voltage A (RMS) (V)","[ICCU] OBC AC Voltage B (RMS) (V)","[ICCU] OBC DC Current A (RMS) (A)","[ICCU] OBC DC Current B (RMS) (A)","[ICCU] OBC DC Current Total (RMS) (A)","[ICCU] OBC DC Voltage (V)","[ICCU] OBC Temperature A (℉)","[ICCU] OBC Temperature B (℉)","[PS] Absolute wheels turn angle (°)","[PS] MDPS motor current (A)","[VCMS] 400V Relay On/Off request ()","[VCMS] 400V Relay Status ()","[VCMS] AC Charger current (A)","[VCMS] AC Charging Counter ()","[VCMS] AC Charging Time (Hours)","[VCMS] AC Charging Time after plug-in (min)","[VCMS] AC Inlet temperature 1 (℉)","[VCMS] Battery main relay status ()","[VCMS] BMS Target current (A)","[VCMS] BMS Target voltage (V)","[VCMS] Charging socket connected ()","[VCMS] CP duty cycle (%)","[VCMS] CP voltage (V)","[VCMS] Cumulative DC Charging time (h)","[VCMS] DC Charger current capability (A)","[VCMS] DC Charging counter ()","[VCMS] DC Charging time after plug-in (min)","[VCMS] DC Inlet Temperature 1 (℉)","[VCMS] DC Inlet Temperature 2 (℉)","[VCMS] EV Max Current (A)","[VCMS] EV Max Voltage (V)","[VCMS] EVSE Current regulation tolerance Value (A)","[VCMS] EVSE Delivered Power Value (Wh)","[VCMS] EVSE Main Power (kW)","[VCMS] EVSE Maximum Current Value (A)","[VCMS] EVSE Maximum Power value (W)","[VCMS] EVSE Maximum Voltage Value (V)","[VCMS] EVSE Minimum Current Value (A)","[VCMS] EVSE Minimum Voltage Value (V)","[VCMS] EVSE Output Current (A)","[VCMS] EVSE Output Voltage (V)","[VCMS] EVSE Target Current (A)","[VCMS] EVSE Target Voltage (V)","[VCMS] HV Battery SoC (%)","[VCMS] HV Battery Voltage (V)","[VCMS] PD voltage (V)","[VCS] Accelerator pedal position (%)","[VCS] Aux. battery voltage (V)","[VCS] Vehicle speed (high res.) (mph)","Average speed (mph)","DC Charger Power (kW)","Distance travelled (miles)","Distance travelled (Today) (miles)","Distance travelled (total) (miles)","Distance travelled (Week) (miles)","Energy costs ($)","Energy used (kWh)","EV Instant Energy Consumption (distance/kWh) (km/kWh)","EV Instant Energy Consumption (kWh) (kWh)","HV EV Battery Power (kW)","Hybrid/EV Charger Power (kW)","Vehicle acceleration (g)",
22:50:26.922,,,,0,,,,23,,,,,,,,,37.4,53.6,,,,,,,,37.4,,,,,580,,,,,,,,,,,,,,,,,,,,,,,,,,,,,,,,,,,,,,,,,,,,,,,,,,,,,,,,,,,,,,,,,,,,,,,,,,,,,,,,,,,,,,,,,,,,,,,,,,,,,,
22:50:27.094,13.6,5.1,691.2,,0,0,30.2,,46.4,39.2,39.2,46.4,41,44.6,41,3.52512,,,11240.846944444444,40467049,0,0,4.8,3.84,3.6,,24872.2,24649.5,18333.7,17777.3,,0,0,0,689,2395,3.58,112,3.58,101,0,11240.8469444444,0,37,,,,,,,,,,,,,,,,,,,,,,,,,,,,,,,,,,,,,,,,,,,,,,,,,,,,,,,,,,,,,,,,,,,,,,,,,,,,,,,,,,,,,,3.52512,,,
22:50:27.239,,,,,,,,,,,,,,,,,,,,,,,,,,,,,,,,,,,,,,,,,,,,,44.6,44.6,,,,,,,60.8,,,,,,,,,,,,,,,,,,,,,,,,,,,,,,,,,,,,,,,,,,,,,,,,,,,,,,,,,,,,,,,,,,,,,,,,,,,,,,,,
22:50:27.314,,,,,,,,,,,,,,,,,,,,,,,,,,,,,,,,,,,,,,,,,,,,,,,33.8,50,71.6,95.9,93.2,71.6,,30.2,30.2,0,,,,,,,,,,,,,,,,,,,,,,,,,,,,,,,,,,,,,,,,,,,,,,,,,,,,,,,,,,,,,,,,,,,,,,,,,,,,,
22:50:27.687,,,,,,,,,,,,,,,,,,,,,,,,,,,,,,,,,,,,,,,,,,,,,,,,,,,,,,,,,1.829999999999984,100,50.900000000000006,13.99,689.6,22.73,14.147,55.400000000000006,,,,,,,,,,,,,,,,,,,,,,,,,,,,,,,,,,,,,,,,,,,,,,,,,,,,,,,,,,,,,,,,,,,,,
22:50:27.862,,,,,,,,,,,,,,,,,,,,,,,,,,,,,,,,,,,,,,,,,,,,,,,,,,,,,,,,,,,,,,,,,,,,,,,,,,,,,,,-0.7000000000000001,3,,,,,,,,,,,,,,,,,,,,,,,,,,,,,,,,,,,,,,,,,,,,,,,,,,,,,
22:50:28.074,,,,,,,,,,,,,,,,,,,,,,,,,,,,,,,,,,,,,,,,,,,,,,,,,,,,,,,,,,,,,,,,,,,,,,,,,,,,,,,,,,,,,,,,,,,,,,,,,,,,,,,,,,,,,,,,,,,,,0,13.971727900000001,0,,,,,,,,,,,,,,
22:50:28.319,,,,,,,,,,,,,,,,,,,,,,,,,,,,,,,,,,,,,,,,,,,,,,,,,,,,,,,,,,,,,,,,,,,,,,,,,,,,,,,,,0,0,,,,,42.8,1,,,0,,,,,,,42.8,42.8,,,,,,,,,,,,,,,,,,,,,,,,,,,,,,,,,,
22:50:28.493,,,,,,,,,,,,,,,,,,,,,,,,,,,,,,,,,,,,,,,,,,,,,,,,,,,,,,,,,,,,,,,,,,,,,,,,,,,,,,,,,,,,,,,,,,,,,,,,,,,,,,-50,0,0,0,0,400,0,0,0,0,,,,,,,,,,0,,,,,,,,,,0,,
22:50:28.770,,,,,,,,,,,,,,,,,,,,,,,,,,,,,,,,,,,,,,,,,,,,,,,,,,,,,,,,,,,,,,,,,,,,,,,,,,,,,,,,,,,0,898,2841,0,,,0,825.6,,0,0.7000000000000001,13,0,41,0,,,350,825.6,,,,,,,,,,,0,0,35,690.9000000000001,4.437,,,,,,,,,,,,,,,,,
22:50:29.106,,,,,,,,,,,,,,,,,,,,,,,,,,,,,,,,,,,,,,,,,,,,,,,,,,,,,,,,,,,,,,,,,0,0,0,0,0,0,0,0,0,0,0,689.4000000000001,44.6,42.8,,,,,,,,,,,,,,,,,,,,,,,,,,,,,,,,,,,,,,,,,,,,,,,,,,,,,,,
22:50:29.275,,,,0,,,,23,,,,,,,,,37.4,53.6,,,,,,,,37.4,,,,,0,,,,,,,,,,,,,,,,,,,,,,,,,,,,,,,,,,,,,,,,,,,,,,,,,,,,,,,,,,,,,,,,,,,,,,,,,,,,,,,,,,,,,,,,,,,,,,,,,,,,,,
22:50:29.430,13.4,0.6,691.3,,0,0,30.2,,46.4,39.2,39.2,46.4,41,44.6,41,0.41478,,,11240.8475,40467051,0,0,4.80069444444444,3.84055555555556,3.60052083333333,,24872.2,24649.5,18333.7,17777.3,,0,0,0,691,2402,3.6,68,3.58,3,0,11240.8475,0,37,,,,,,,,,,,,,,,,,,,,,,,,,,,,,,,,,,,,,,,,,,,,,,,,,,,,,,,,,,,,,,,,,,,,,,,,,,,,,,,,,,0.0002718241657033,0.00026913283733,,0.00026913283733,0.41478,,,
22:50:30.643,,,,,,,,,,,,,,,,,,,,,,,,,,,,,,,,,,,,,,,,,,,,,,,,,,,,,,,,,,,,,,,,,,,,,,,,,,,,,,,-0.2,0,,,,,,,,,,,,,,,,,,,,,,,,,,,,,,,,,,,,,,,,,,,,,,,,,,,,,
22:50:30.894,,,,,,,,,,,,,,,,,,,,,,,,,,,,,,,,,,,,,,,,,,,,,,,,,,,,,,,,,,,,,,,,,,,,,,,,,,,,,,,,,,,,,,,,,,,,,,,,,,,,,,,,,,,,,,,,,,,,,0,13.7314843,0,,,,,,,,,,,,,,
22:50:31.156,,,,,,,,,,,,,,,,,,,,,,,,,,,,,,,,,,,,,,,,,,,,,,,,,,,,,,,,,,,,,,,,,,,,,,,,,,,,,,,,,0,0,,,,,41,0,,,0,,,,,,,42.8,42.8,,,,,,,,,,,,,,,,,,,,,,,,,,,,,,,,,,
22:50:31.344,,,,,,,,,,,,,,,,,,,,,,,,,,,,,,,,,,,,,,,,,,,,,,,,,,,,,,,,,,,,,,,,,,,,,,,,,,,,,,,,,,,,,,,,,,,,,,,,,,,,,,-50,0,0,0,0,400,0,0,0,0,,,,,,,,,,0,,,,,,,,,,0,,
22:50:31.614,,,,,,,,,,,,,,,,,,,,,,,,,,,,,,,,,,,,,,,,,,,,,,,,,,,,,,,,,,,,,,,,,,,,,,,,,,,,,,,,,,,0,898,2841,0,,,0,825.6,,0,0.6000000000000001,13,0,41,0,,,350,825.6,,,,,,,,,,,0,0,35,691.5,4.44,,,,,,,,,,,,,,,,,
22:50:32.699,,,,0,,,,23,,,,,,,,,37.4,53.6,,,,,,,,37.4,,,,,0,,,,,,,,,,,,,,,,,,,,,,,,,,,,,,,,,,,,,,,,,,,,,,,,,,,,,,,,,,,,,,,,,,,,,,,,,,,,,,,,,,,,,,,,,,,,,,,,,,,,,,
22:50:32.825,13.5,0,691.5,,0,0,30.2,,46.4,39.2,39.2,46.4,41,44.6,41,0,,,11240.848333333333,40467054,0,0,4.80208333333333,3.84166666666667,3.6015625,,24872.2,24649.5,18333.7,17777.3,,0,0,0,596,2402,3.6,16,3.58,25,0,11240.8483333333,0,37,,,,,,,,,,,,,,,,,,,,,,,,,,,,,,,,,,,,,,,,,,,,,,,,,,,,,,,,,,,,,,,,,,,,,,,,,,,,,,,,,,0.0002718241657033,0.00026913283733,,0,0,,,
22:50:35.395,,,,,,,,,,,,,,,,,,,,,,,,,,,,,,,,,,,,,,,,,,,,,,,,,,,,,,,,,,,,,,,,,,,,,,,,,,,,,,,,,,,,,,,,,,,,,,,,,,,,,,,,,,,,,,,,,,,,,0,13.540559,0,,,,,,,,,,,,,,
22:50:35.616,,,,,,,,,,,,,,,,,,,,,,,,,,,,,,,,,,,,,,,,,,,,,,,,,,,,,,,,,,,,,,,,,,,,,,,,,,,,,,,,,0,0,,,,,41,0,,,0,,,,,,,42.8,42.8,,,,,,,,,,,,,,,,,,,,,,,,,,,,,,,,,,
22:50:35.769,,,,,,,,,,,,,,,,,,,,,,,,,,,,,,,,,,,,,,,,,,,,,,,,,,,,,,,,,,,,,,,,,,,,,,,,,,,,,,,,,,,,,,,,,,,,,,,,,,,,,,-50,0,0,0,0,400,0,0,0,0,,,,,,,,,,0,,,,,,,,,,0,,
22:50:36.017,,,,,,,,,,,,,,,,,,,,,,,,,,,,,,,,,,,,,,,,,,,,,,,,,,,,,,,,,,,,,,,,,,,,,,,,,,,,,,,,,,,0,898,2841,0,,,0,825.6,,0,0.6000000000000001,13,0,41,0,,,350,825.6,,,,,,,,,,,0,0,35,691.5,4.438,,,,,,,,,,,,,,,,,
22:50:37.146,,,,0,,,,23,,,,,,,,,37.4,53.6,,,,,,,,37.4,,,,,0,,,,,,,,,,,,,,,,,,,,,,,,,,,,,,,,,,,,,,,,,,,,,,,,,,,,,,,,,,,,,,,,,,,,,,,,,,,,,,,,,,,,,,,,,,,,,,,,,,,,,,
22:50:37.276,13.4,0,691.5,,0,0,30.2,,46.4,39.2,39.2,46.4,41,44.6,41,0,,,11240.849722222221,40467059,0,0,4.80208333333333,3.84166666666667,3.6015625,,24872.2,24649.5,18333.7,17777.3,,0,0,0,474,2402,3.6,136,3.58,101,0,11240.8497222222,0,37,,,,,,,,,,,,,,,,,,,,,,,,,,,,,,,,,,,,,,,,,,,,,,,,,,,,,,,,,,,,,,,,,,,,,,,,,,,,,,,,,,0.0002718241657033,0.00026913283733,,0,0,,,
22:50:42.711,,,,0,,,,23,,,,,,,,,37.4,53.6,,,,,,,,37.4,,,,,0,,,,,,,,,,,,,,,,,,,,,,,,,,,,,,,,,,,,,,,,,,,,,,,,,,,,,,,,,,,,,,,,,,,,,,,,,,,,,,,,,,,,,,,,,,,,,,,,,,,,,,
22:50:42.839,13.2,0,691.6,,0,0,30.2,,46.4,39.2,39.2,46.4,41,44.6,41,0,,,11240.851111111111,40467064,0,0,4.80277777777778,3.84222222222222,3.60208333333333,,24872.2,24649.5,18333.7,17777.3,,0,0,0,355,3000,3.6,16,3.58,25,0,11240.8511111111,0,37,,,,,,,,,,,,,,,,,,,,,,,,,,,,,,,,,,,,,,,,,,,,,,,,,,,,,,,,,,,,,,,,,,,,,,,,,,,,,,,,,,0.0002718241657033,0.00026913283733,,0,0,,,
22:50:45.415,,,,,,,,,,,,,,,,,,,,,,,,,,,,,,,,,,,,,,,,,,,,,,,,,,,,,,,,,,,,,,,,,,,,,,,,,,,,,,,,,,,,,,,,,,,,,,,,,,,,,,,,,,,,,,,,,,,,,0,13.291526000000001,0,,,,,,,,,,,,,,
22:50:45.632,,,,,,,,,,,,,,,,,,,,,,,,,,,,,,,,,,,,,,,,,,,,,,,,,,,,,,,,,,,,,,,,,,,,,,,,,,,,,,,,,0,0,,,,,41,0,,,0,,,,,,,42.8,42.8,,,,,,,,,,,,,,,,,,,,,,,,,,,,,,,,,,
22:50:45.808,,,,,,,,,,,,,,,,,,,,,,,,,,,,,,,,,,,,,,,,,,,,,,,,,,,,,,,,,,,,,,,,,,,,,,,,,,,,,,,,,,,,,,,,,,,,,,,,,,,,,,-50,0,0,0,0,400,0,0,0,0,,,,,,,,,,0,,,,,,,,,,0,,
22:50:46.056,,,,,,,,,,,,,,,,,,,,,,,,,,,,,,,,,,,,,,,,,,,,,,,,,,,,,,,,,,,,,,,,,,,,,,,,,,,,,,,,,,,4.04,898,2841,0,,,0,825.6,,67.4,8.9,13,0,41,0,,,350,825.6,,,,,,,,,,,0,0,35,691.7,1.49,,,,,,,,,,,,,,,,,
22:50:46.440,,,,,,,,,,,,,,,,,,,,,,,,,,,,,,,,,,,,,,,,,,,,,,,,,,,,,,,,,,,,,,,,,0,0,0,2.49,2.49,0,0,0,0,0,0,296.6,44.6,42.8,,,,,,,,,,,,,,,,,,,,,,,,,,,,,,,,,,,,,,,,,,,,,,,,,,,,,,,
22:50:46.592,,,,0,,,,23,,,,,,,,,37.4,53.6,,,,,,,,37.4,,,,,0,,,,,,,,,,,,,,,,,,,,,,,,,,,,,,,,,,,,,,,,,,,,,,,,,,,,,,,,,,,,,,,,,,,,,,,,,,,,,,,,,,,,,,,,,,,,,,,,,,,,,,
22:50:46.727,13.1,0,691.7,,0,0,30.2,,46.4,39.2,39.2,46.4,41,44.6,41,0,,,11240.852222222222,40467068,0,0,4.80347222222222,3.84277777777778,3.60260416666667,,24872.2,24649.5,18333.7,17777.3,,0,0,0,289,3000,3.6,16,3.6,25,0,11240.8522222222,0,37,,,,,,,,,,,,,,,,,,,,,,,,,,,,,,,,,,,,,,,,,,,,,,,,,,,,,,,,,,,,,,,,,,,,,,,,,,,,,,,,,,0.0002718241657033,0.00026913283733,,0,0,,,
22:50:47.297,,,,,,,,,,,,,,,,,,,,,,,,,,,,,,,,,,,,,,,,,,,,,,,,,,,,,,,,,-17.939999999999998,99,50.900000000000006,13.288,282.7,0,13.281,53.6,,,,,,,,,,,,,,,,,,,,,,,,,,,,,,,,,,,,,,,,,,,,,,,,,,,,,,,,,,,,,,,,,,,,,
22:50:48.279,,,,,,,,,,,,,,,,,,,,,,,,,,,,,,,,,,,,,,,,,,,,,,,,,,,,,,,,,,,,,,,,,,,,,,,,,,,,,,,,,,,,,,,,,,,,,,,,,,,,,,,,,,,,,,,,,,,,,0,13.2417194,0,,,,,,,,,,,,,,
22:50:48.474,,,,,,,,,,,,,,,,,,,,,,,,,,,,,,,,,,,,,,,,,,,,,,,,,,,,,,,,,,,,,,,,,,,,,,,,,,,,,,,,,0,0,,,,,41,0,,,0,,,,,,,42.8,42.8,,,,,,,,,,,,,,,,,,,,,,,,,,,,,,,,,,
22:50:48.638,,,,,,,,,,,,,,,,,,,,,,,,,,,,,,,,,,,,,,,,,,,,,,,,,,,,,,,,,,,,,,,,,,,,,,,,,,,,,,,,,,,,,,,,,,,,,,,,,,,,,,-50,0,0,0,0,400,0,0,0,0,,,,,,,,,,0,,,,,,,,,,0,,
22:50:48.883,,,,,,,,,,,,,,,,,,,,,,,,,,,,,,,,,,,,,,,,,,,,,,,,,,,,,,,,,,,,,,,,,,,,,,,,,,,,,,,,,,,4.04,898,2841,0,,,0,825.6,,67.4,8.9,13,0,41,0,,,350,825.6,,,,,,,,,,,0,0,35,691.7,1.492,,,,,,,,,,,,,,,,,
22:50:49.208,,,,,,,,,,,,,,,,,,,,,,,,,,,,,,,,,,,,,,,,,,,,,,,,,,,,,,,,,,,,,,,,,0.54,0.5,60,2.49,2.49,0.54,241.60000000000002,0,0.01,0,0.01,685.7,44.6,42.8,,,,,,,,,,,,,,,,,,,,,,,,,,,,,,,,,,,,,,,,,,,,,,,,,,,,,,,
22:50:49.348,,,,0,,,,23,,,,,,,,,37.4,53.6,,,,,,,,37.4,,,,,0,,,,,,,,,,,,,,,,,,,,,,,,,,,,,,,,,,,,,,,,,,,,,,,,,,,,,,,,,,,,,,,,,,,,,,,,,,,,,,,,,,,,,,,,,,,,,,,,,,,,,,
22:50:49.474,12.8,0,691.7,,0,0,30.2,,46.4,39.2,39.2,46.4,41,44.6,41,0,,,11240.852777777778,40467070,0,0,4.80347222222222,3.84277777777778,3.60260416666667,,24872.2,24649.5,18333.7,17777.3,,0,0,0,692,3000,3.6,16,3.6,25,0,11240.8527777778,0,37,,,,,,,,,,,,,,,,,,,,,,,,,,,,,,,,,,,,,,,,,,,,,,,,,,,,,,,,,,,,,,,,,,,,,,,,,,,,,,,,,,0.0002718241657033,0.00026913283733,,0,0,,,
22:50:49.640,,,,,,,,,,,,,,,,,,,,,,,,,,,,,,,,,,,,,,,,,,,,,,,32,50,70.7,94.1,92.30000000000001,70.7,,30.2,30.2,0,,,,,,,,,,,,,,,,,,,,,,,,,,,,,,,,,,,,,,,,,,,,,,,,,,,,,,,,,,,,,,,,,,,,,,,,,,,,,
22:50:50.007,,,,,,,,,,,,,,,,,,,,,,,,,,,,,,,,,,,,,,,,,,,,,,,,,,,,,,,,,-19.519999999999982,99,50.900000000000006,13.229,688.6,0.37,13.201,53.6,,,,,,,,,,,,,,,,,,,,,,,,,,,,,,,,,,,,,,,,,,,,,,,,,,,,,,,,,,,,,,,,,,,,,
22:50:50.947,,,,,,,,,,,,,,,,,,,,,,,,,,,,,,,,,,,,,,,,,,,,,,,,,,,,,,,,,,,,,,,,,,,,,,,,,,,,,,,,,,,,,,,,,,,,,,,,,,,,,,,,,,,,,,,,,,,,,0,13.190447899999999,0,,,,,,,,,,,,,,
22:50:51.156,,,,,,,,,,,,,,,,,,,,,,,,,,,,,,,,,,,,,,,,,,,,,,,,,,,,,,,,,,,,,,,,,,,,,,,,,,,,,,,,,0,0,,,,,41,1,,,0,,,,,,,42.8,42.8,,,,,,,,,,,,,,,,,,,,,,,,,,,,,,,,,,
22:50:51.330,,,,,,,,,,,,,,,,,,,,,,,,,,,,,,,,,,,,,,,,,,,,,,,,,,,,,,,,,,,,,,,,,,,,,,,,,,,,,,,,,,,,,,,,,,,,,,,,,,,,,,-50,0,0,0,0,400,0,0,0,0,,,,,,,,,,0,,,,,,,,,,0,,
22:50:51.576,,,,,,,,,,,,,,,,,,,,,,,,,,,,,,,,,,,,,,,,,,,,,,,,,,,,,,,,,,,,,,,,,,,,,,,,,,,,,,,,,,,4,899,2841,0,,,21,825.6,,66.7,5.800000000000001,13,0,41,0,,,350,825.6,,,,,,,,,,,0,0,35,692,1.491,,,,,,,,,,,,,,,,,
22:50:51.907,,,,,,,,,,,,,,,,,,,,,,,,,,,,,,,,,,,,,,,,,,,,,,,,,,,,,,,,,,,,,,,,,8.36,8.75,60,2.5500000000000003,2.5100000000000002,17.11,244,0,5.87,0,5.87,690.8000000000001,44.6,42.8,,,,,,,,,,,,,,,,,,,,,,,,,,,,,,,,,,,,,,,,,,,,,,,,,,,,,,,
22:50:52.047,,,,0,,,,23,,,,,,,,,37.4,53.6,,,,,,,,37.4,,,,,0,,,,,,,,,,,,,,,,,,,,,,,,,,,,,,,,,,,,,,,,,,,,,,,,,,,,,,,,,,,,,,,,,,,,,,,,,,,,,,,,,,,,,,,,,,,,,,,,,,,,,,
22:50:52.167,12.9,-10.6,693.6,,0,0,30.2,,46.4,39.2,39.2,46.4,41,44.6,41,-7.35216,,,11240.853611111112,40467073,0,0,4.81666666666667,3.85333333333333,3.6125,,24872.2,24649.5,18333.7,17777.3,,0,0,0,694,3000,3.6,6,3.6,36,0,11240.8536111111,0,37,,,,,,,,,,,,,,,,,,,,,,,,,,,,,,,,,,,,,,,,,,,,,,,,,,,,,,,,,,,,,,,,,,,,,,,,,,,,,,,,,,-0.0052820419461884335,-0.005229744501176667,0,-0.005498877338506666,-7.35216,,,
22:50:52.339,,,,,,,,,,,,,,,,,,,,,,,,,,,,,,,,,,,,,,,,,,,,,,,32,50,70.7,93.2,92.30000000000001,70.7,,30.2,30.2,0,,,,,,,,,,,,,,,,,,,,,,,,,,,,,,,,,,,,,,,,,,,,,,,,,,,,,,,,,,,,,,,,0,,0,4.674669927622683,20.55642174699753,20.38883917919351,,,,,,,,
22:50:52.879,,,,,,,,,,,,,,,,,,,,,,,,,,,,,,,,,,,,,,,,,,,,,,,,,,,,,,,,,,,,,,,,,,,,,,,,,,,,,,,,,,,,,,,,,,,,,,,,,,,,,,,,,,,,,,,,,,,,,0,13.4297149,0,,,,,,,,,,,,,,
22:50:53.115,,,,,,,,,,,,,,,,,,,,,,,,,,,,,,,,,,,,,,,,,,,,,,,,,,,,,,,,,,,,,,,,,,,,,,,,,,,,,,,,,0,0,,,,,41,1,,,0,,,,,,,42.8,42.8,,,,,,,,,,,,,,,,,,,,,,,,,,,,,,,,,,
22:50:53.275,,,,,,,,,,,,,,,,,,,,,,,,,,,,,,,,,,,,,,,,,,,,,,,,,,,,,,,,,,,,,,,,,,,,,,,,,,,,,,,,,,,,,,,,,,,,,,,,,,,,,,-50,0,0,0,0,400,0,0,0,0,,,,,,,,,,0,,,,,,,,,,0,,
22:50:53.521,,,,,,,,,,,,,,,,,,,,,,,,,,,,,,,,,,,,,,,,,,,,,,,,,,,,,,,,,,,,,,,,,,,,,,,,,,,,,,,,,,,4,899,2841,0,,,36.4,825.6,,66.7,5.800000000000001,13,0,41,0,,,350,825.6,,,,,,,,,,,0,0,35,694.1,1.491,,,,,,,,,,,,,,,,,
22:50:53.881,,,,,,,,,,,,,,,,,,,,,,,,,,,,,,,,,,,,,,,,,,,,,,,,,,,,,,,,,,,,,,,,,19.52,19.78,60,3.0700000000000003,3.08,39.31,240.60000000000002,0,6.390000000000001,6.390000000000001,12.780000000000001,692.4000000000001,44.6,42.8,,,,,,,,,,,,,,,,,,,,,,,,,,,,,,,,,,,,,,,,,,,,,,,,,,,,,,,
22:50:54.027,,,,0,,,,23,,,,,,,,,37.4,53.6,,,,,,,,37.4,,,,,0,,,,,,,,,,,,,,,,,,,,,,,,,,,,,,,,,,,,,,,,,,,,,,,,,,,,,,,,,,,,,,,,,,,,,,,,,,,,,,,,,,,,,,,,,,,,,,,,,,,,,,
22:50:54.146,13.3,-11.8,694.1,,0,0,30.2,,46.4,39.2,39.2,46.4,41,44.6,41,-8.19038,,,11240.854166666666,40467075,0,0,4.82013888888889,3.85611111111111,3.61510416666667,,24872.2,24649.5,18333.7,17777.3,,0,0,0,694,3000,3.6,64,3.6,171,0,11240.8541666667,0,37,,,,,,,,,,,,,,,,,,,,,,,,,,,,,,,,,,,,,,,,,,,,,,,,,,,,,,,,,,,,,,,,,,,,,,,,,,,,,,,,,,-0.0098303228122441,-0.00973299288341,0,-0.004503248382233334,-8.190380000000001,,,
22:50:54.304,,,,,,,,,,,,,,,,,,,,,,,,,,,,,,,,,,,,,,,,,,,,,,,32,50,70.7,93.2,92.30000000000001,70.7,,30.2,30.2,0,,,,,,,,,,,,,,,,,,,,,,,,,,,,,,,,,,,,,,,,,,,,,,,,,,,,,,,,,,,,,,,,0,,0,4.674669927622683,20.55642174699753,20.38883917919351,,,,,,,,
22:50:54.696,,,,,,,,,,,,,,,,,,,,,,,,,,,,,,,,,,,,,,,,,,,,,,,,,,,,,,,,,25.269999999999982,99,50.900000000000006,13.572,692,49.98,14.048,53.6,,,,,,,,,,,,,,,,,,,,,,,,,,,,,,,,,,,,,,,,,,,,,,,,,,,,,,,,,,,,,,,,,,,,,
22:50:55.644,,,,,,,,,,,,,,,,,,,,,,,,,,,,,,,,,,,,,,,,,,,,,,,,,,,,,,,,,,,,,,,,,,,,,,,,,,,,,,,,,,,,,,,,,,,,,,,,,,,,,,,,,,,,,,,,,,,,,0,13.910690400000002,0,,,,,,,,,,,,,,
22:50:55.866,,,,,,,,,,,,,,,,,,,,,,,,,,,,,,,,,,,,,,,,,,,,,,,,,,,,,,,,,,,,,,,,,,,,,,,,,,,,,,,,,0,0,,,,,42.8,1,,,0,,,,,,,42.8,42.8,,,,,,,,,,,,,,,,,,,,,,,,,,,,,,,,,,
22:50:56.032,,,,,,,,,,,,,,,,,,,,,,,,,,,,,,,,,,,,,,,,,,,,,,,,,,,,,,,,,,,,,,,,,,,,,,,,,,,,,,,,,,,,,,,,,,,,,,,,,,,,,,-50,0,0,0,0,400,0,0,0,0,,,,,,,,,,0,,,,,,,,,,0,,
22:50:56.271,,,,,,,,,,,,,,,,,,,,,,,,,,,,,,,,,,,,,,,,,,,,,,,,,,,,,,,,,,,,,,,,,,,,,,,,,,,,,,,,,,,4,899,2841,0,,,36.4,825.6,,66.7,5.800000000000001,13,0,41,0,,,350,825.6,,,,,,,,,,,0,0,35,694.1,1.492,,,,,,,,,,,,,,,,,
22:50:56.595,,,,,,,,,,,,,,,,,,,,,,,,,,,,,,,,,,,,,,,,,,,,,,,,,,,,,,,,,,,,,,,,,19.56,19.82,60,2.43,2.45,39.38,240.9,0,6.38,6.38,12.76,691.7,44.6,42.8,,,,,,,,,,,,,,,,,,,,,,,,,,,,,,,,,,,,,,,,,,,,,,,,,,,,,,,
22:50:56.748,,,,0,,,,23,,,,,,,,,37.4,53.6,,,,,,,,37.4,,,,,0,,,,,,,,,,,,,,,,,,,,,,,,,,,,,,,,,,,,,,,,,,,,,,,,,,,,,,,,,,,,,,,,,,,,,,,,,,,,,,,,,,,,,,,,,,,,,,,,,,,,,,
22:50:56.886,13.7,-11,694.1,,0,0,30.2,,46.4,39.2,39.2,46.4,41,44.6,41,-7.6351,,,11240.855,40467078,0,0,4.82013888888889,3.85611111111111,3.61510416666667,,24872.2,24649.5,18333.7,17777.3,,0,0,0,694,3000,3.6,126,3.6,17,0,11240.855,0,37,,,,,,,,,,,,,,,,,,,,,,,,,,,,,,,,,,,,,,,,,,,,,,,,,,,,,,,,,,,,,,,,,,,,,,,,,,,,,,,,,,-0.015700453463712516,-0.015545003429418334,0,-0.005812010546008333,-7.6351,,,
22:50:57.065,,,,,,,,,,,,,,,,,,,,,,,,,,,,,,,,,,,,,,,,,,,,,,,32,50,70.7,93.2,92.30000000000001,70.7,,30.2,30.2,0,,,,,,,,,,,,,,,,,,,,,,,,,,,,,,,,,,,,,,,,,,,,,,,,,,,,,,,,,,,,,,,,0,,0,4.674669927622683,20.55642174699753,20.38883917919351,,,,,,,0,
22:50:57.416,,,,,,,,,,,,,,,,,,,,,,,,,,,,,,,,,,,,,,,,,,,,,,,,,,,,,,,,,58.329999999999984,99,50.900000000000006,14.07,691.2,71.88,14.653,53.6,,,,,,,,,,,,,,,,,,,,,,,,,,,,,,,,,,,,,,,,,,,,,,,,,,,,,,,,,,,,,,,,,,,,,
22:50:58.168,,,,,,,,,,,,,,,,,,,,,,,,,,,,,,,,,,,,,,,,,,,,,,,,,,,,,,,,,,,,,,,,,,,,,,,,,,,,,,,,,,,,,,,,,,,,,,,,,,,,,,,,,,,,,,,,,,,,,0,14.2305269,0,,,,,,,,,,,,,,
22:50:58.410,,,,,,,,,,,,,,,,,,,,,,,,,,,,,,,,,,,,,,,,,,,,,,,,,,,,,,,,,,,,,,,,,,,,,,,,,,,,,,,,,0,0,,,,,42.8,1,,,0,,,,,,,42.8,42.8,,,,,,,,,,,,,,,,,,,,,,,,,,,,,,,,,,
22:50:58.587,,,,,,,,,,,,,,,,,,,,,,,,,,,,,,,,,,,,,,,,,,,,,,,,,,,,,,,,,,,,,,,,,,,,,,,,,,,,,,,,,,,,,,,,,,,,,,,,,,,,,,-50,0,0,0,0,400,0,0,0,0,,,,,,,,,,0,,,,,,,,,,0,,
22:50:58.836,,,,,,,,,,,,,,,,,,,,,,,,,,,,,,,,,,,,,,,,,,,,,,,,,,,,,,,,,,,,,,,,,,,,,,,,,,,,,,,,,,,4,899,2841,0,,,36.4,825.6,,66.7,5.800000000000001,13,0,41,0,,,350,825.6,,,,,,,,,,,0,0,35,694.2,1.492,,,,,,,,,,,,,,,,,
22:50:59.168,,,,,,,,,,,,,,,,,,,,,,,,,,,,,,,,,,,,,,,,,,,,,,,,,,,,,,,,,,,,,,,,,19.55,19.82,60,3.0100000000000002,2.99,39.37,240.8,0,6.390000000000001,6.4,12.8,692.8000000000001,44.6,42.8,,,,,,,,,,,,,,,,,,,,,,,,,,,,,,,,,,,,,,,,,,,,,,,,,,,,,,,
22:50:59.308,,,,0,,,,23,,,,,,,,,37.4,53.6,,,,,,,,37.4,,,,,0,,,,,,,,,,,,,,,,,,,,,,,,,,,,,,,,,,,,,,,,,,,,,,,,,,,,,,,,,,,,,,,,,,,,,,,,,,,,,,,,,,,,,,,,,,,,,,,,,,,,,,
22:50:59.446,13.8,-11.6,694.3,,0,0,30.2,,46.4,39.2,39.2,46.4,41,44.6,41,-8.05388,,,11240.855555555556,40467080,0,0,4.82152777777778,3.85722222222222,3.61614583333333,,24872.2,24649.5,18333.7,17777.3,,0,0,0,694,3000,3.6,136,3.6,157,0,11240.8555555556,0,37,,,,,,,,,,,,,,,,,,,,,,,,,,,,,,,,,,,,,,,,,,,,,,,,,,,,,,,,,,,,,,,,,,,,,,,,,,,,,,,,,,-0.021484356482122543,-0.021271640081309447,0,-0.005726636651891111,-8.05388,,,
22:50:59.568,,,,,,,,,,,,,,,,,,,,,,,,,,,,,,,,,,,,,,,,,,,,,43.7,43.7,,,,,,,59,,,,,,,,,,,,,,,,,,,,,,,,,,,,,,,,,,,,,,,,,,,,,,,,,,,,,,,,,,,,,,,,,,,,,,,,,,,,,,,,
22:50:59.915,,,,,,,,,,,,,,,,,,,,,,,,,,,,,,,,,,,,,,,,,,,,,,,,,,,,,,,,,39.29000000000002,99,50.900000000000006,14.202,692.6,44.42,14.512,53.6,,,,,,,,,,,,,,,,,,,,,,,,,,,,,,,,,,,,,,,,,,,,,,,,,,,,,,,,,,,,,,,,,,,,,
22:51:00.859,,,,,,,,,,,,,,,,,,,,,,,,,,,,,,,,,,,,,,,,,,,,,,,,,,,,,,,,,,,,,,,,,,,,,,,,,,,,,,,,,,,,,,,,,,,,,,,,,,,,,,,,,,,,,,,,,,,,,0,14.2896112,0,,,,,,,,,,,,,,
22:51:01.091,,,,,,,,,,,,,,,,,,,,,,,,,,,,,,,,,,,,,,,,,,,,,,,,,,,,,,,,,,,,,,,,,,,,,,,,,,,,,,,,,0,0,,,,,42.8,1,,,0,,,,,,,42.8,42.8,,,,,,,,,,,,,,,,,,,,,,,,,,,,,,,,,,
22:51:01.259,,,,,,,,,,,,,,,,,,,,,,,,,,,,,,,,,,,,,,,,,,,,,,,,,,,,,,,,,,,,,,,,,,,,,,,,,,,,,,,,,,,,,,,,,,,,,,,,,,,,,,-50,0,0,0,0,400,0,0,0,0,,,,,,,,,,0,,,,,,,,,,0,,
22:51:01.507,,,,,,,,,,,,,,,,,,,,,,,,,,,,,,,,,,,,,,,,,,,,,,,,,,,,,,,,,,,,,,,,,,,,,,,,,,,,,,,,,,,4,899,2841,0,,,36.4,825.6,,66.7,5.800000000000001,13,0,41,0,,,350,825.6,,,,,,,,,,,0,0,35,694.4000000000001,1.492,,,,,,,,,,,,,,,,,
22:51:01.839,,,,,,,,,,,,,,,,,,,,,,,,,,,,,,,,,,,,,,,,,,,,,,,,,,,,,,,,,,,,,,,,,19.51,19.77,60,2.54,2.5100000000000002,39.28,241,0,6.45,6.44,12.89,692.2,44.6,42.8,,,,,,,,,,,,,,,,,,,,,,,,,,,,,,,,,,,,,,,,,,,,,,,,,,,,,,,
22:51:01.978,,,,0,,,,23,,,,,,,,,37.4,53.6,,,,,,,,37.4,,,,,0,,,,,,,,,,,,,,,,,,,,,,,,,,,,,,,,,,,,,,,,,,,,,,,,,,,,,,,,,,,,,,,,,,,,,,,,,,,,,,,,,,,,,,,,,,,,,,,,,,,,,,
22:51:02.115,13.9,-11.8,694.5,,0,0,30.2,,46.4,39.2,39.2,46.4,41,44.6,41,-8.1951,,,11240.85638888889,40467083,0,0,4.82291666666667,3.85833333333333,3.6171875,,24872.2,24649.5,18333.7,17777.3,,0,0,0,695,3000,3.6,22,3.6,37,0,11240.8563888889,0,37,,,,,,,,,,,,,,,,,,,,,,,,,,,,,,,,,,,,,,,,,,,,,,,,,,,,,,,,,,,,,,,,,,,,,,,,,,,,,,,,,,-0.027620304297886124,-0.027346835938501114,,-0.006075195857191667,-8.1951,,,
22:51:02.774,,,,,,,,,,,,,,,,,,,,,,,,,,,,,,,,,,,,,,,,,,,,,,,,,,,,,,,,,27.50999999999999,99,50.900000000000006,14.339,691.9000000000001,38.59,14.663,55.400000000000006,,,,,,,,,,,,,,,,,,,,,,,,,,,,,,,,,,,,,,,,,,,,,,,,,,,,,,,,,,,,,,,,,,,,,
22:51:03.838,,,,,,,,,,,,,,,,,,,,,,,,,,,,,,,,,,,,,,,,,,,,,,,,,,,,,,,,,,,,,,,,,,,,,,,,,,,,,,,,,,,,,,,,,,,,,,,,,,,,,,,,,,,,,,,,,,,,,0,14.5103228,0,,,,,,,,,,,,,,
22:51:04.095,,,,,,,,,,,,,,,,,,,,,,,,,,,,,,,,,,,,,,,,,,,,,,,,,,,,,,,,,,,,,,,,,,,,,,,,,,,,,,,,,0,0,,,,,42.8,1,,,0,,,,,,,42.8,42.8,,,,,,,,,,,,,,,,,,,,,,,,,,,,,,,,,,
22:51:04.251,,,,,,,,,,,,,,,,,,,,,,,,,,,,,,,,,,,,,,,,,,,,,,,,,,,,,,,,,,,,,,,,,,,,,,,,,,,,,,,,,,,,,,,,,,,,,,,,,,,,,,-50,0,0,0,0,400,0,0,0,0,,,,,,,,,,0,,,,,,,,,,0,,
22:51:04.537,,,,,,,,,,,,,,,,,,,,,,,,,,,,,,,,,,,,,,,,,,,,,,,,,,,,,,,,,,,,,,,,,,,,,,,,,,,,,,,,,,,4,899,2841,0,,,36.4,825.6,,66.7,5.800000000000001,13,0,41,0,,,350,825.6,,,,,,,,,,,0,0,35,694.6,1.492,,,,,,,,,,,,,,,,,
22:51:04.872,,,,,,,,,,,,,,,,,,,,,,,,,,,,,,,,,,,,,,,,,,,,,,,,,,,,,,,,,,,,,,,,,19.580000000000002,19.830000000000002,60,2.4,2.39,39.410000000000004,240.8,0,6.45,6.44,12.89,692.4000000000001,44.6,44.6,,,,,,,,,,,,,,,,,,,,,,,,,,,,,,,,,,,,,,,,,,,,,,,,,,,,,,,
22:51:05.048,,,,0,,,,23,,,,,,,,,37.4,53.6,,,,,,,,37.4,,,,,0,,,,,,,,,,,,,,,,,,,,,,,,,,,,,,,,,,,,,,,,,,,,,,,,,,,,,,,,,,,,,,,,,,,,,,,,,,,,,,,,,,,,,,,,,,,,,,,,,,,,,,
22:51:05.191,14.2,-12,694.6,,0,0,30.2,,46.4,39.2,39.2,46.4,41,44.6,41,-8.3352,,,11240.857222222223,40467086,0,0,4.82361111111111,3.85888888888889,3.61770833333333,,24872.2,24649.5,18333.7,17777.3,,0,0,0,695,3000,3.62,4,3.6,37,0,11240.8572222222,0,37,,,,,,,,,,,,,,,,,,,,,,,,,,,,,,,,,,,,,,,,,,,,,,,,,,,,,,,,,,,,,,,,,,,,,,,,,,,,,,,,,,-0.03481434236448879,-0.03446964590543445,,-0.007122809966933334,-8.3352,,,
22:51:05.825,,,,,,,,,,,,,,,,,,,,,,,,,,,,,,,,,,,,,,,,,,,,,,,,,,,,,,,,,22.620000000000005,100,50.900000000000006,14.577,691.9000000000001,27.36,14.811,55.400000000000006,,,,,,,,,,,,,,,,,,,,,,,,,,,,,,,,,,,,,,,,,,,,,,,,,,,,,,,,,,,,,,,,,,,,,
22:51:06.775,,,,,,,,,,,,,,,,,,,,,,,,,,,,,,,,,,,,,,,,,,,,,,,,,,,,,,,,,,,,,,,,,,,,,,,,,,,,,,,,,,,,,,,,,,,,,,,,,,,,,,,,,,,,,,,,,,,,,0,14.610424299999998,0,,,,,,,,,,,,,,
22:51:07.031,,,,,,,,,,,,,,,,,,,,,,,,,,,,,,,,,,,,,,,,,,,,,,,,,,,,,,,,,,,,,,,,,,,,,,,,,,,,,,,,,0,0,,,,,44.6,1,,,0,,,,,,,42.8,42.8,,,,,,,,,,,,,,,,,,,,,,,,,,,,,,,,,,
22:51:07.200,,,,,,,,,,,,,,,,,,,,,,,,,,,,,,,,,,,,,,,,,,,,,,,,,,,,,,,,,,,,,,,,,,,,,,,,,,,,,,,,,,,,,,,,,,,,,,,,,,,,,,-50,0,0,0,0,400,0,0,0,0,,,,,,,,,,0,,,,,,,,,,0,,
22:51:07.556,,,,,,,,,,,,,,,,,,,,,,,,,,,,,,,,,,,,,,,,,,,,,,,,,,,,,,,,,,,,,,,,,,,,,,,,,,,,,,,,,,,4,899,2841,0,,,36.4,825.6,,66.7,5.800000000000001,13,0,41,0,,,350,825.6,,,,,,,,,,,0,0,35,694.8000000000001,1.491,,,,,,,,,,,,,,,,,
22:51:07.904,,,,,,,,,,,,,,,,,,,,,,,,,,,,,,,,,,,,,,,,,,,,,,,,,,,,,,,,,,,,,,,,,19.56,19.84,60,2.97,2.94,39.4,240.60000000000002,0,6.46,6.46,12.92,693.5,46.4,44.6,,,,,,,,,,,,,,,,,,,,,,,,,,,,,,,,,,,,,,,,,,,,,,,,,,,,,,,
22:51:08.064,,,,0,,,,23,,,,,,,,,37.4,53.6,,,,,,,,37.4,,,,,0,,,,,,,,,,,,,,,,,,,,,,,,,,,,,,,,,,,,,,,,,,,,,,,,,,,,,,,,,,,,,,,,,,,,,,,,,,,,,,,,,,,,,,,,,,,,,,,,,,,,,,
22:51:08.200,14.2,-12.3,694.8,,0,0,30.2,,46.4,39.2,39.2,46.4,41,44.6,41,-8.54604,,,11240.858055555556,40467089,0,0,4.825,3.86,3.61875,,24872.2,24649.5,18333.7,17777.3,,0,0,0,695,3000,3.62,22,3.6,157,0,11240.8580555556,0,37,,,,,,,,,,,,,,,,,,,,,,,,,,,,,,,,,,,,,,,,,,,,,,,,,,,,,,,,,,,,,,,,,,,,,,,,,,,,,,,,,,-0.042029277842481394,-0.04161314637869445,,-0.0071435004732599994,-8.54604,,,
22:51:08.345,,,,,,,,,,,,,,,,,,,,,,,,,,,,,,,,,,,,,,,,,,,,,,,32,50,70.7,92.30000000000001,92.30000000000001,70.7,,30.2,30.2,0,,,,,,,,,,,,,,,,,,,,,,,,,,,,,,,,,,,,,,,,,,,,,,,,,,,,,,,,,,,,,,,,0,,0,4.674669927622683,20.55642174699753,20.38883917919351,,,,,,,0,
22:51:08.931,,,,,,,,,,,,,,,,,,,,,,,,,,,,,,,,,,,,,,,,,,,,,,,,,,,,,,,,,,,,,,,,,,,,,,,,,,,,,,,,,,,,,,,,,,,,,,,,,,,,,,,,,,,,,,,,,,,,,0,14.610424299999998,0,,,,,,,,,,,,,,
22:51:09.171,,,,,,,,,,,,,,,,,,,,,,,,,,,,,,,,,,,,,,,,,,,,,,,,,,,,,,,,,,,,,,,,,,,,,,,,,,,,,,,,,0,0,,,,,44.6,1,,,0,,,,,,,42.8,42.8,,,,,,,,,,,,,,,,,,,,,,,,,,,,,,,,,,
22:51:09.343,,,,,,,,,,,,,,,,,,,,,,,,,,,,,,,,,,,,,,,,,,,,,,,,,,,,,,,,,,,,,,,,,,,,,,,,,,,,,,,,,,,,,,,,,,,,,,,,,,,,,,-50,0,0,0,0,400,0,0,0,0,,,,,,,,,,0,,,,,,,,,,0,,
22:51:09.623,,,,,,,,,,,,,,,,,,,,,,,,,,,,,,,,,,,,,,,,,,,,,,,,,,,,,,,,,,,,,,,,,,,,,,,,,,,,,,,,,,,4,899,2841,0,,,36.4,825.6,,66.7,5.800000000000001,13,0,41,0,,,350,825.6,,,,,,,,,,,0,0,35,694.9000000000001,1.491,,,,,,,,,,,,,,,,,
22:51:10.028,,,,,,,,,,,,,,,,,,,,,,,,,,,,,,,,,,,,,,,,,,,,,,,,,,,,,,,,,,,,,,,,,19.56,19.830000000000002,60,2.27,2.2800000000000002,39.4,240.8,0,6.46,6.47,12.93,692.8000000000001,46.4,44.6,,,,,,,,,,,,,,,,,,,,,,,,,,,,,,,,,,,,,,,,,,,,,,,,,,,,,,,
22:51:10.193,,,,0,,,,23,,,,,,,,,37.4,53.6,,,,,,,,37.4,,,,,0,,,,,,,,,,,,,,,,,,,,,,,,,,,,,,,,,,,,,,,,,,,,,,,,,,,,,,,,,,,,,,,,,,,,,,,,,,,,,,,,,,,,,,,,,,,,,,,,,,,,,,
22:51:10.327,14.2,-12.4,695,,0,0,30.2,,46.4,39.2,39.2,46.4,41,44.6,41,-8.618,,,11240.85861111111,40467091,0,0,4.82638888888889,3.86111111111111,3.61979166666667,,24872.2,24649.5,18333.7,17777.3,,0,0,0,695,2500,3.62,102,3.6,3,0,11240.8586111111,0,37,,,,,,,,,,,,,,,,,,,,,,,,,,,,,,,,,,,,,,,,,,,,,,,,,,,,,,,,,,,,,,,,,,,,,,,,,,,,,,,,,,-0.04717014256834362,-0.04670311145380556,0,-0.005089965075111111,-8.618,,,
22:51:10.856,,,,,,,,,,,,,,,,,,,,,,,,,,,,,,,,,,,,,,,,,,,,,,,,,,,,,,,,,5.610000000000014,100,50.900000000000006,14.603,692.1,14.41,14.714,55.400000000000006,,,,,,,,,,,,,,,,,,,,,,,,,,,,,,,,,,,,,,,,,,,,,,,,,,,,,,,,,,,,,,,,,,,,,
22:51:11.847,,,,,,,,,,,,,,,,,,,,,,,,,,,,,,,,,,,,,,,,,,,,,,,,,,,,,,,,,,,,,,,,,,,,,,,,,,,,,,,,,,,,,,,,,,,,,,,,,,,,,,,,,,,,,,,,,,,,,0,14.580638,0,,,,,,,,,,,,,,
22:51:12.092,,,,,,,,,,,,,,,,,,,,,,,,,,,,,,,,,,,,,,,,,,,,,,,,,,,,,,,,,,,,,,,,,,,,,,,,,,,,,,,,,0,0,,,,,44.6,1,,,0,,,,,,,42.8,42.8,,,,,,,,,,,,,,,,,,,,,,,,,,,,,,,,,,
22:51:12.260,,,,,,,,,,,,,,,,,,,,,,,,,,,,,,,,,,,,,,,,,,,,,,,,,,,,,,,,,,,,,,,,,,,,,,,,,,,,,,,,,,,,,,,,,,,,,,,,,,,,,,-50,0,0,0,0,400,0,0,0,0,,,,,,,,,,0,,,,,,,,,,0,,
22:51:12.511,,,,,,,,,,,,,,,,,,,,,,,,,,,,,,,,,,,,,,,,,,,,,,,,,,,,,,,,,,,,,,,,,,,,,,,,,,,,,,,,,,,4,899,2841,0,,,36.4,825.6,,66.7,5.800000000000001,13,0,41,0,,,350,825.6,,,,,,,,,,,0,0,35,695,1.493,,,,,,,,,,,,,,,,,
22:51:12.840,,,,,,,,,,,,,,,,,,,,,,,,,,,,,,,,,,,,,,,,,,,,,,,,,,,,,,,,,,,,,,,,,19.56,19.830000000000002,60,2.98,2.95,39.39,240.70000000000002,0,6.45,6.45,12.9,693,48.2,44.6,,,,,,,,,,,,,,,,,,,,,,,,,,,,,,,,,,,,,,,,,,,,,,,,,,,,,,,
22:51:13.006,,,,0,,,,23,,,,,,,,,37.4,53.6,,,,,,,,37.4,,,,,0,,,,,,,,,,,,,,,,,,,,,,,,,,,,,,,,,,,,,,,,,,,,,,,,,,,,,,,,,,,,,,,,,,,,,,,,,,,,,,,,,,,,,,,,,,,,,,,,,,,,,,
22:51:13.137,14.2,-12.5,695.1,,0,0,30.2,,46.4,39.2,39.2,46.4,41,44.6,41,-8.68875,,,11240.859444444444,40467094,0,0,4.82708333333333,3.86166666666667,3.6203125,,24872.2,24649.5,18333.7,17777.3,,0,0,0,695,2500,3.62,22,3.6,3,0,11240.8594444444,0,37,,,,,,,,,,,,,,,,,,,,,,,,,,,,,,,,,,,,,,,,,,,,,,,,,,,,,,,,,,,,,,,,,,,,,,,,,,,,,,,,,,-0.0540201063416332,-0.05348525380359723,0,-0.006782142349791667,-8.68875,,,
22:51:13.253,,,,,,,,,,,,,,,,,,,,,,,,,,,,,,,,,,,,,,,,,,,,,43.7,43.7,,,,,,,59,,,,,,,,,,,,,,,,,,,,,,,,,,,,,,,,,,,,,,,,,,,,,,,,,,,,,,,,,,,,,,,,,,,,,,,,,,,,,,,,
22:51:13.291,,,,,,,,,,,,,,,,,,,,,,,,,,,,,,,,,,,,,,,,,,,,,,,32,50,70.7,91.4,92.30000000000001,70.7,,30.2,30.2,0,,,,,,,,,,,,,,,,,,,,,,,,,,,,,,,,,,,,,,,,,,,,,,,,,,,,,,,,,,,,,,,,0,,0,4.674669927622683,20.55642174699753,20.38883917919351,,,,,,,0,
22:51:13.663,,,,,,,,,,,,,,,,,,,,,,,,,,,,,,,,,,,,,,,,,,,,,,,,,,,,,,,,,3.4499999999999886,100,50.900000000000006,14.574,692.3000000000001,12.19,14.672,55.400000000000006,,,,,,,,,,,,,,,,,,,,,,,,,,,,,,,,,,,,,,,,,,,,,,,,,,,,,,,,,,,,,,,,,,,,,
22:51:14.406,,,,,,,,,,,,,,,,,,,,,,,,,,,,,,,,,,,,,,,,,,,,,,,,,,,,,,,,,,,,,,,,,,,,,,,,,,,,,,,,,,,,,,,,,,,,,,,,,,,,,,,,,,,,,,,,,,,,,0,14.550363399999998,0,,,,,,,,,,,,,,
22:51:14.627,,,,,,,,,,,,,,,,,,,,,,,,,,,,,,,,,,,,,,,,,,,,,,,,,,,,,,,,,,,,,,,,,,,,,,,,,,,,,,,,,0,0,,,,,46.4,1,,,0,,,,,,,42.8,42.8,,,,,,,,,,,,,,,,,,,,,,,,,,,,,,,,,,
22:51:14.784,,,,,,,,,,,,,,,,,,,,,,,,,,,,,,,,,,,,,,,,,,,,,,,,,,,,,,,,,,,,,,,,,,,,,,,,,,,,,,,,,,,,,,,,,,,,,,,,,,,,,,-50,0,0,0,0,400,0,0,0,0,,,,,,,,,,0,,,,,,,,,,0,,
22:51:15.027,,,,,,,,,,,,,,,,,,,,,,,,,,,,,,,,,,,,,,,,,,,,,,,,,,,,,,,,,,,,,,,,,,,,,,,,,,,,,,,,,,,4,899,2841,0,,,36.4,825.6,,66.7,5.800000000000001,13,0,41,0,,,350,825.6,,,,,,,,,,,0,0,35,695.1,1.492,,,,,,,,,,,,,,,,,
22:51:15.365,,,,,,,,,,,,,,,,,,,,,,,,,,,,,,,,,,,,,,,,,,,,,,,,,,,,,,,,,,,,,,,,,19.59,19.830000000000002,60,2.43,2.44,39.42,240.8,0,6.44,6.43,12.870000000000001,693.1,50,44.6,,,,,,,,,,,,,,,,,,,,,,,,,,,,,,,,,,,,,,,,,,,,,,,,,,,,,,,
22:51:15.510,,,,0,,,,23,,,,,,,,,37.4,53.6,,,,,,,,37.4,,,,,0,,,,,,,,,,,,,,,,,,,,,,,,,,,,,,,,,,,,,,,,,,,,,,,,,,,,,,,,,,,,,,,,,,,,,,,,,,,,,,,,,,,,,,,,,,,,,,,,,,,,,,
22:51:15.644,14.1,-12.5,695.2,,0,0,30.2,,46.4,39.2,39.2,46.4,41,44.6,41,-8.69,,,11240.860277777778,40467097,0,0,4.82777777777778,3.86222222222222,3.62083333333333,,24872.2,24649.5,18333.7,17777.3,,0,0,0,695,2500,3.62,102,3.6,17,0,11240.8602777778,0,37,,,,,,,,,,,,,,,,,,,,,,,,,,,,,,,,,,,,,,,,,,,,,,,,,,,,,,,,,,,,,,,,,,,,,,,,,,,,,,,,,,-0.06013343929596376,-0.059538058708875005,0,-0.006052804905277778,-8.69,,,
22:51:15.740,,,,,,,,,,,,,,,,,,,,,,,,,,,,,,,,,,,,,,,,,,,,,43.7,43.7,,,,,,,59,,,,,,,,,,,,,,,,,,,,,,,,,,,,,,,,,,,,,,,,,,,,,,,,,,,,,,,,,,,,,,,,,,,,,,,,,,,,,,,,
22:51:15.783,,,,,,,,,,,,,,,,,,,,,,,,,,,,,,,,,,,,,,,,,,,,,,,32,50,70.7,91.4,92.30000000000001,70.7,,30.2,30.2,0,,,,,,,,,,,,,,,,,,,,,,,,,,,,,,,,,,,,,,,,,,,,,,,,,,,,,,,,,,,,,,,,0,,0,4.674669927622683,20.55642174699753,20.38883917919351,,,,,,,0,
22:51:16.112,,,,,,,,,,,,,,,,,,,,,,,,,,,,,,,,,,,,,,,,,,,,,,,,,,,,,,,,,2.8700000000000045,100,50.900000000000006,14.554,692.8000000000001,13.29,14.65,55.400000000000006,,,,,,,,,,,,,,,,,,,,,,,,,,,,,,,,,,,,,,,,,,,,,,,,,,,,,,,,,,,,,,,,,,,,,
22:51:16.876,,,,,,,,,,,,,,,,,,,,,,,,,,,,,,,,,,,,,,,,,,,,,,,,,,,,,,,,,,,,,,,,,,,,,,,,,,,,,,,,,,,,,,,,,,,,,,,,,,,,,,,,,,,,,,,,,,,,,0,14.530343100000001,0,,,,,,,,,,,,,,
22:51:17.127,,,,,,,,,,,,,,,,,,,,,,,,,,,,,,,,,,,,,,,,,,,,,,,,,,,,,,,,,,,,,,,,,,,,,,,,,,,,,,,,,0,0,,,,,46.4,1,,,0,,,,,,,42.8,42.8,,,,,,,,,,,,,,,,,,,,,,,,,,,,,,,,,,
22:51:17.275,,,,,,,,,,,,,,,,,,,,,,,,,,,,,,,,,,,,,,,,,,,,,,,,,,,,,,,,,,,,,,,,,,,,,,,,,,,,,,,,,,,,,,,,,,,,,,,,,,,,,,-50,0,0,0,0,400,0,0,0,0,,,,,,,,,,0,,,,,,,,,,0,,
22:51:17.516,,,,,,,,,,,,,,,,,,,,,,,,,,,,,,,,,,,,,,,,,,,,,,,,,,,,,,,,,,,,,,,,,,,,,,,,,,,,,,,,,,,4,899,2841,0,,,36.4,825.6,,66.7,5.800000000000001,13,0,41,0,,,350,825.6,,,,,,,,,,,0,0,35,695.2,1.491,,,,,,,,,,,,,,,,,
22:51:17.863,,,,,,,,,,,,,,,,,,,,,,,,,,,,,,,,,,,,,,,,,,,,,,,,,,,,,,,,,,,,,,,,,19.55,19.82,60,3.09,3.09,39.37,240.70000000000002,0,6.46,6.45,12.91,694.6,50,46.4,,,,,,,,,,,,,,,,,,,,,,,,,,,,,,,,,,,,,,,,,,,,,,,,,,,,,,,
22:51:18.031,,,,0,,,,23,,,,,,,,,37.4,53.6,,,,,,,,37.4,,,,,0,,,,,,,,,,,,,,,,,,,,,,,,,,,,,,,,,,,,,,,,,,,,,,,,,,,,,,,,,,,,,,,,,,,,,,,,,,,,,,,,,,,,,,,,,,,,,,,,,,,,,,
22:51:18.155,14.1,-12.4,695.2,,0,0,30.2,,46.4,39.2,39.2,46.4,41,44.6,41,-8.62048,,,11240.860833333334,40467099,0,0,4.82777777777778,3.86222222222222,3.62083333333333,,24872.2,24649.5,18333.7,17777.3,,0,0,0,695,2427,3.62,67,3.6,17,0,11240.8608333333,0,37,,,,,,,,,,,,,,,,,,,,,,,,,,,,,,,,,,,,,,,,,,,,,,,,,,,,,,,,,,,,,,,,,,,,,,,,,,,,,,,,,,-0.06620488414201789,-0.06554939023962167,0,-0.006011331530746667,-8.62048,,,
22:51:18.278,,,,,,,,,,,,,,,,,,,,,,,,,,,,,,,,,,,,,,,,,,,,,43.7,43.7,,,,,,,59,,,,,,,,,,,,,,,,,,,,,,,,,,,,,,,,,,,,,,,,,,,,,,,,,,,,,,,,,,,,,,,,,,,,,,,,,,,,,,,,
22:51:18.646,,,,,,,,,,,,,,,,,,,,,,,,,,,,,,,,,,,,,,,,,,,,,,,,,,,,,,,,,2.400000000000034,100,50.900000000000006,14.534,693,12.06,14.636,55.400000000000006,,,,,,,,,,,,,,,,,,,,,,,,,,,,,,,,,,,,,,,,,,,,,,,,,,,,,,,,,,,,,,,,,,,,,
22:51:19.455,,,,,,,,,,,,,,,,,,,,,,,,,,,,,,,,,,,,,,,,,,,,,,,,,,,,,,,,,,,,,,,,,,,,,,,,,,,,,,,,,,,,,,,,,,,,,,,,,,,,,,,,,,,,,,,,,,,,,0,14.5205771,0,,,,,,,,,,,,,,
22:51:19.718,,,,,,,,,,,,,,,,,,,,,,,,,,,,,,,,,,,,,,,,,,,,,,,,,,,,,,,,,,,,,,,,,,,,,,,,,,,,,,,,,0,0,,,,,46.4,1,,,0,,,,,,,42.8,42.8,,,,,,,,,,,,,,,,,,,,,,,,,,,,,,,,,,
22:51:19.882,,,,,,,,,,,,,,,,,,,,,,,,,,,,,,,,,,,,,,,,,,,,,,,,,,,,,,,,,,,,,,,,,,,,,,,,,,,,,,,,,,,,,,,,,,,,,,,,,,,,,,-50,0,0,0,0,400,0,0,0,0,,,,,,,,,,0,,,,,,,,,,0,,
22:51:20.128,,,,,,,,,,,,,,,,,,,,,,,,,,,,,,,,,,,,,,,,,,,,,,,,,,,,,,,,,,,,,,,,,,,,,,,,,,,,,,,,,,,4,899,2841,0,,,36.4,825.6,,66.7,5.800000000000001,13,0,41,0,,,350,825.6,,,,,,,,,,,0,0,35,695.3000000000001,1.491,,,,,,,,,,,,,,,,,
22:51:20.578,,,,,,,,,,,,,,,,,,,,,,,,,,,,,,,,,,,,,,,,,,,,,,,,,,,,,,,,,,,,,,,,,19.580000000000002,19.84,60,2.65,2.59,39.42,240.9,0,6.44,6.45,12.89,693.1,51.8,46.4,,,,,,,,,,,,,,,,,,,,,,,,,,,,,,,,,,,,,,,,,,,,,,,,,,,,,,,
22:51:20.773,,,,0,,,,23,,,,,,,,,37.4,53.6,,,,,,,,37.4,,,,,0,,,,,,,,,,,,,,,,,,,,,,,,,,,,,,,,,,,,,,,,,,,,,,,,,,,,,,,,,,,,,,,,,,,,,,,,,,,,,,,,,,,,,,,,,,,,,,,,,,,,,,
22:51:20.891,14.1,-12.4,695.3,,0,0,30.2,,46.4,39.2,39.2,46.4,41,44.6,41,-8.62172,,,11240.861666666666,40467102,0,0,4.82847222222222,3.86277777777778,3.62135416666667,,24872.2,24649.5,18333.7,17777.3,,0,0,0,696,2427,3.62,4,3.6,17,0,11240.8616666667,0,37,,,,,,,,,,,,,,,,,,,,,,,,,,,,,,,,,,,,,,,,,,,,,,,,,,,,,,,,,,,,,,,,,,,,,,,,,,,,,,,,,,-0.07282434814402584,-0.072103314994085,,-0.006553924754463333,-8.62172,,,
22:51:21.399,,,,,,,,,,,,,,,,,,,,,,,,,,,,,,,,,,,,,,,,,,,,,,,,,,,,,,,,,2.5300000000000296,100,50.900000000000006,14.522,692.7,12.22,14.622,55.400000000000006,,,,,,,,,,,,,,,,,,,,,,,,,,,,,,,,,,,,,,,,,,,,,,,,,,,,,,,,,,,,,,,,,,,,,
22:51:22.420,,,,,,,,,,,,,,,,,,,,,,,,,,,,,,,,,,,,,,,,,,,,,,,,,,,,,,,,,,,,,,,,,,,,,,,,,,,,,,,,,,,,,,,,,,,,,,,,,,,,,,,,,,,,,,,,,,,,,0,14.5103228,0,,,,,,,,,,,,,,
22:51:22.660,,,,,,,,,,,,,,,,,,,,,,,,,,,,,,,,,,,,,,,,,,,,,,,,,,,,,,,,,,,,,,,,,,,,,,,,,,,,,,,,,0,0,,,,,48.2,1,,,0,,,,,,,42.8,42.8,,,,,,,,,,,,,,,,,,,,,,,,,,,,,,,,,,
22:51:22.826,,,,,,,,,,,,,,,,,,,,,,,,,,,,,,,,,,,,,,,,,,,,,,,,,,,,,,,,,,,,,,,,,,,,,,,,,,,,,,,,,,,,,,,,,,,,,,,,,,,,,,-50,0,0,0,0,400,0,0,0,0,,,,,,,,,,0,,,,,,,,,,0,,
22:51:23.067,,,,,,,,,,,,,,,,,,,,,,,,,,,,,,,,,,,,,,,,,,,,,,,,,,,,,,,,,,,,,,,,,,,,,,,,,,,,,,,,,,,4,899,2841,0,,,36.4,825.6,,66.7,5.800000000000001,13,0,41,0,,,350,825.6,,,,,,,,,,,0,0,35,695.4000000000001,1.491,,,,,,,,,,,,,,,,,
22:51:23.408,,,,,,,,,,,,,,,,,,,,,,,,,,,,,,,,,,,,,,,,,,,,,,,,,,,,,,,,,,,,,,,,,19.56,19.85,60,3.0100000000000002,3,39.4,240.8,0,6.44,6.45,12.89,693.2,53.6,46.4,,,,,,,,,,,,,,,,,,,,,,,,,,,,,,,,,,,,,,,,,,,,,,,,,,,,,,,
22:51:23.554,,,,0,,,,23,,,,,,,,,37.4,53.6,,,,,,,,37.4,,,,,0,,,,,,,,,,,,,,,,,,,,,,,,,,,,,,,,,,,,,,,,,,,,,,,,,,,,,,,,,,,,,,,,,,,,,,,,,,,,,,,,,,,,,,,,,,,,,,,,,,,,,,
22:51:23.699,14.1,-12.4,695.4,,0,0,30.2,,46.4,39.2,39.2,46.4,41,44.6,41,-8.62296,,,11240.8625,40467105,0,0,4.82916666666667,3.86333333333333,3.621875,,24872.3,24649.5,18333.7,17777.3,,0,0,0,696,2427,3.62,4,3.62,17,0,11240.8625,0,37,,,,,,,,,,,,,,,,,,,,,,,,,,,,,,,,,,,,,,,,,,,,,,,,,,,,,,,,,,,,,,,,,,,,,,,,,,,,,,,,,,-0.07961731136607025,-0.078829021154525,,-0.0067257061604399995,-8.622959999999999,,,
22:51:23.857,,,,,,,,,,,,,,,,,,,,,,,,,,,,,,,,,,,,,,,,,,,,,43.7,43.7,,,,,,,57.2,,,,,,,,,,,,,,,,,,,,,,,,,,,,,,,,,,,,,,,,,,,,,,,,,,,,,,,,,,,,,,,,,,,,,,,,,,,,,,,,
22:51:24.255,,,,,,,,,,,,,,,,,,,,,,,,,,,,,,,,,,,,,,,,,,,,,,,,,,,,,,,,,2.5600000000000023,100,50.900000000000006,14.512,692.8000000000001,11.53,14.611,55.400000000000006,,,,,,,,,,,,,,,,,,,,,,,,,,,,,,,,,,,,,,,,,,,,,,,,,,,,,,,,,,,,,,,,,,,,,
22:51:25.229,,,,,,,,,,,,,,,,,,,,,,,,,,,,,,,,,,,,,,,,,,,,,,,,,,,,,,,,,,,,,,,,,,,,,,,,,,,,,,,,,,,,,,,,,,,,,,,,,,,,,,,,,,,,,,,,,,,,,0,14.5103228,0,,,,,,,,,,,,,,
22:51:25.452,,,,,,,,,,,,,,,,,,,,,,,,,,,,,,,,,,,,,,,,,,,,,,,,,,,,,,,,,,,,,,,,,,,,,,,,,,,,,,,,,0,0,,,,,48.2,1,,,0,,,,,,,42.8,42.8,,,,,,,,,,,,,,,,,,,,,,,,,,,,,,,,,,
22:51:25.628,,,,,,,,,,,,,,,,,,,,,,,,,,,,,,,,,,,,,,,,,,,,,,,,,,,,,,,,,,,,,,,,,,,,,,,,,,,,,,,,,,,,,,,,,,,,,,,,,,,,,,-50,0,0,0,0,400,0,0,0,0,,,,,,,,,,0,,,,,,,,,,0,,
22:51:25.870,,,,,,,,,,,,,,,,,,,,,,,,,,,,,,,,,,,,,,,,,,,,,,,,,,,,,,,,,,,,,,,,,,,,,,,,,,,,,,,,,,,4,899,2841,0,,,36.4,825.6,,66.7,5.800000000000001,13,0,41,0,,,350,825.6,,,,,,,,,,,0,0,35,695.4000000000001,1.492,,,,,,,,,,,,,,,,,
22:51:26.184,,,,,,,,,,,,,,,,,,,,,,,,,,,,,,,,,,,,,,,,,,,,,,,,,,,,,,,,,,,,,,,,,19.6,19.85,60,2.43,2.45,39.45,240.60000000000002,0,6.43,6.42,12.85,694.6,55.400000000000006,48.2,,,,,,,,,,,,,,,,,,,,,,,,,,,,,,,,,,,,,,,,,,,,,,,,,,,,,,,
22:51:26.330,,,,0,,,,23,,,,,,,,,37.4,53.6,,,,,,,,37.4,,,,,0,,,,,,,,,,,,,,,,,,,,,,,,,,,,,,,,,,,,,,,,,,,,,,,,,,,,,,,,,,,,,,,,,,,,,,,,,,,,,,,,,,,,,,,,,,,,,,,,,,,,,,
22:51:26.511,14.1,-12.4,695.5,,0,0,30.2,,46.4,39.2,39.2,46.4,41,44.6,41,-8.6242,,,11240.863055555556,40467107,0,0,4.82986111111111,3.86388888888889,3.62239583333333,,24872.3,24649.5,18333.7,17777.3,,0,0,0,696,2427,3.62,64,3.62,37,0,11240.8630555556,0,37,,,,,,,,,,,,,,,,,,,,,,,,,,,,,,,,,,,,,,,,,,,,,,,,,,,,,,,,,,,,,,,,,,,,,,,,,,,,,,,,,,-0.08642117625347209,-0.08556552104304167,,-0.006736499888516667,-8.6242,,,
22:51:26.600,,,,,,,,,,,,,,,,,,,,,,,,,,,,,,,,,,,,,,,,,,,,,43.7,43.7,,,,,,,57.2,,,,,,,,,,,,,,,,,,,,,,,,,,,,,,,,,,,,,,,,,,,,,,,,,,,,,,,,,,,,,,,,,,,,,,,,,,,,,,,,
22:51:26.656,,,,,,,,,,,,,,,,,,,,,,,,,,,,,,,,,,,,,,,,,,,,,,,32,50,70.7,90.5,92.30000000000001,70.7,,30.2,30.2,0,,,,,,,,,,,,,,,,,,,,,,,,,,,,,,,,,,,,,,,,,,,,,,,,,,,,,,,,,,,,,,,,0,,0,4.674669927622683,20.55642174699753,20.38883917919351,,,,,,,0,
22:51:27.066,,,,,,,,,,,,,,,,,,,,,,,,,,,,,,,,,,,,,,,,,,,,,,,,,,,,,,,,,2.4399999999999977,100,50.900000000000006,14.508000000000001,694.1,12.43,14.613,55.400000000000006,,,,,,,,,,,,,,,,,,,,,,,,,,,,,,,,,,,,,,,,,,,,,,,,,,,,,,,,,,,,,,,,,,,,,
22:51:27.839,,,,,,,,,,,,,,,,,,,,,,,,,,,,,,,,,,,,,,,,,,,,,,,,,,,,,,,,,,,,,,,,,,,,,,,,,,,,,,,,,,,,,,,,,,,,,,,,,,,,,,,,,,,,,,,,,,,,,0,14.4995802,0,,,,,,,,,,,,,,
22:51:28.071,,,,,,,,,,,,,,,,,,,,,,,,,,,,,,,,,,,,,,,,,,,,,,,,,,,,,,,,,,,,,,,,,,,,,,,,,,,,,,,,,0,0,,,,,48.2,1,,,0,,,,,,,42.8,42.8,,,,,,,,,,,,,,,,,,,,,,,,,,,,,,,,,,
22:51:28.226,,,,,,,,,,,,,,,,,,,,,,,,,,,,,,,,,,,,,,,,,,,,,,,,,,,,,,,,,,,,,,,,,,,,,,,,,,,,,,,,,,,,,,,,,,,,,,,,,,,,,,-50,0,0,0,0,400,0,0,0,0,,,,,,,,,,0,,,,,,,,,,0,,
22:51:28.499,,,,,,,,,,,,,,,,,,,,,,,,,,,,,,,,,,,,,,,,,,,,,,,,,,,,,,,,,,,,,,,,,,,,,,,,,,,,,,,,,,,4,899,2841,0,,,36.4,825.6,,66.7,5.800000000000001,13,0,41,0,,,350,825.6,,,,,,,,,,,0,0,35,695.5,1.489,,,,,,,,,,,,,,,,,
22:51:28.871,,,,,,,,,,,,,,,,,,,,,,,,,,,,,,,,,,,,,,,,,,,,,,,,,,,,,,,,,,,,,,,,,19.56,19.82,60,2.31,2.29,39.38,240.70000000000002,0,6.44,6.43,12.870000000000001,693.4000000000001,55.400000000000006,48.2,,,,,,,,,,,,,,,,,,,,,,,,,,,,,,,,,,,,,,,,,,,,,,,,,,,,,,,
22:51:28.986,,,,0,,,,23,,,,,,,,,37.4,53.6,,,,,,,,37.4,,,,,0,,,,,,,,,,,,,,,,,,,,,,,,,,,,,,,,,,,,,,,,,,,,,,,,,,,,,,,,,,,,,,,,,,,,,,,,,,,,,,,,,,,,,,,,,,,,,,,,,,,,,,
22:51:29.107,14.1,-12.4,695.6,,0,0,30.2,,46.4,39.2,39.2,46.4,41,44.6,41,-8.62544,,,11240.863888888889,40467110,0,0,4.83055555555556,3.86444444444444,3.62291666666667,,24872.3,24649.5,18333.7,17777.3,,0,0,0,696,2426,3.62,21,3.62,3,0,11240.8638888889,0,37,,,,,,,,,,,,,,,,,,,,,,,,,,,,,,,,,,,,,,,,,,,,,,,,,,,,,,,,,,,,,,,,,,,,,,,,,,,,,,,,,,-0.09270353311889284,-0.09178567635533945,0,-0.0062201553122977786,-8.625440000000001,,,
22:51:29.196,,,,,,,,,,,,,,,,,,,,,,,,,,,,,,,,,,,,,,,,,,,,,43.7,43.7,,,,,,,57.2,,,,,,,,,,,,,,,,,,,,,,,,,,,,,,,,,,,,,,,,,,,,,,,,,,,,,,,,,,,,,,,,,,,,,,,,,,,,,,,,
22:51:29.811,,,,,,,,,,,,,,,,,,,,,,,,,,,,,,,,,,,,,,,,,,,,,,,,,,,,,,,,,,,,,,,,,,,,,,,,,,,,,,,,,,,,,,,,,,,,,,,,,,,,,,,,,,,,,,,,,,,,,0,14.4907908,0,,,,,,,,,,,,,,
22:51:30.037,,,,,,,,,,,,,,,,,,,,,,,,,,,,,,,,,,,,,,,,,,,,,,,,,,,,,,,,,,,,,,,,,,,,,,,,,,,,,,,,,0,0,,,,,50,1,,,0,,,,,,,42.8,42.8,,,,,,,,,,,,,,,,,,,,,,,,,,,,,,,,,,
22:51:30.204,,,,,,,,,,,,,,,,,,,,,,,,,,,,,,,,,,,,,,,,,,,,,,,,,,,,,,,,,,,,,,,,,,,,,,,,,,,,,,,,,,,,,,,,,,,,,,,,,,,,,,-50,0,0,0,0,400,0,0,0,0,,,,,,,,,,0,,,,,,,,,,0,,
22:51:30.443,,,,,,,,,,,,,,,,,,,,,,,,,,,,,,,,,,,,,,,,,,,,,,,,,,,,,,,,,,,,,,,,,,,,,,,,,,,,,,,,,,,4,899,2841,0,,,36.4,825.6,,66.7,5.800000000000001,13,0,41,0,,,350,825.6,,,,,,,,,,,0,0,35,695.6,1.493,,,,,,,,,,,,,,,,,
22:51:30.775,,,,,,,,,,,,,,,,,,,,,,,,,,,,,,,,,,,,,,,,,,,,,,,,,,,,,,,,,,,,,,,,,19.55,19.82,60,3,3,39.36,240.70000000000002,0,6.45,6.45,12.91,693.9000000000001,57.2,48.2,,,,,,,,,,,,,,,,,,,,,,,,,,,,,,,,,,,,,,,,,,,,,,,,,,,,,,,
22:51:30.914,,,,0,,,,23,,,,,,,,,37.4,53.6,,,,,,,,37.4,,,,,0,,,,,,,,,,,,,,,,,,,,,,,,,,,,,,,,,,,,,,,,,,,,,,,,,,,,,,,,,,,,,,,,,,,,,,,,,,,,,,,,,,,,,,,,,,,,,,,,,,,,,,
22:51:31.043,14.1,-12.4,695.6,,0,0,30.2,,46.4,39.2,39.2,46.4,41,44.6,41,-8.62544,,,11240.864444444445,40467112,0,0,4.83055555555556,3.86444444444444,3.62291666666667,,24872.3,24649.5,18333.7,17777.3,,0,0,0,696,2426,3.62,54,3.62,17,0,11240.8644444444,0,37,,,,,,,,,,,,,,,,,,,,,,,,,,,,,,,,,,,,,,,,,,,,,,,,,,,,,,,,,,,,,,,,,,,,,,,,,,,,,,,,,,-0.09738878956945227,-0.09642454412817056,0,-0.004638867772831112,-8.625440000000001,,,
22:51:31.171,,,,,,,,,,,,,,,,,,,,,,,,,,,,,,,,,,,,,,,,,,,,,43.7,43.7,,,,,,,57.2,,,,,,,,,,,,,,,,,,,,,,,,,,,,,,,,,,,,,,,,,,,,,,,,,,,,,,,,,,,,,,,,,,,,,,,,,,,,,,,,
22:51:31.783,,,,,,,,,,,,,,,,,,,,,,,,,,,,,,,,,,,,,,,,,,,,,,,,,,,,,,,,,,,,,,,,,,,,,,,,,,,,,,,,,,,,,,,,,,,,,,,,,,,,,,,,,,,,,,,,,,,,,0,14.4907908,0,,,,,,,,,,,,,,
22:51:32.010,,,,,,,,,,,,,,,,,,,,,,,,,,,,,,,,,,,,,,,,,,,,,,,,,,,,,,,,,,,,,,,,,,,,,,,,,,,,,,,,,0,0,,,,,50,1,,,0,,,,,,,42.8,42.8,,,,,,,,,,,,,,,,,,,,,,,,,,,,,,,,,,
22:51:32.180,,,,,,,,,,,,,,,,,,,,,,,,,,,,,,,,,,,,,,,,,,,,,,,,,,,,,,,,,,,,,,,,,,,,,,,,,,,,,,,,,,,,,,,,,,,,,,,,,,,,,,-50,0,0,0,0,400,0,0,0,0,,,,,,,,,,0,,,,,,,,,,0,,
22:51:32.419,,,,,,,,,,,,,,,,,,,,,,,,,,,,,,,,,,,,,,,,,,,,,,,,,,,,,,,,,,,,,,,,,,,,,,,,,,,,,,,,,,,4,899,2841,0,,,36.4,825.6,,66.7,5.800000000000001,13,0,41,0,,,350,825.6,,,,,,,,,,,0,0,35,695.7,1.491,,,,,,,,,,,,,,,,,
22:51:32.771,,,,,,,,,,,,,,,,,,,,,,,,,,,,,,,,,,,,,,,,,,,,,,,,,,,,,,,,,,,,,,,,,19.61,19.86,60,2.57,2.5300000000000002,39.47,240.8,0,6.43,6.43,12.870000000000001,693.5,59,48.2,,,,,,,,,,,,,,,,,,,,,,,,,,,,,,,,,,,,,,,,,,,,,,,,,,,,,,,
22:51:32.932,,,,0,,,,23,,,,,,,,,37.4,53.6,,,,,,,,37.4,,,,,0,,,,,,,,,,,,,,,,,,,,,,,,,,,,,,,,,,,,,,,,,,,,,,,,,,,,,,,,,,,,,,,,,,,,,,,,,,,,,,,,,,,,,,,,,,,,,,,,,,,,,,
22:51:33.059,14.1,-12.4,695.7,,0,0,30.2,,46.4,39.2,39.2,46.4,41,44.6,41,-8.62668,,,11240.865,40467114,0,0,4.83125,3.865,3.6234375,,24872.3,24649.5,18333.7,17777.3,,0,0,0,696,2426,3.62,86,3.62,1,0,11240.865,0,37,,,,,,,,,,,,,,,,,,,,,,,,,,,,,,,,,,,,,,,,,,,,,,,,,,,,,,,,,,,,,,,,,,,,,,,,,,,,,,,,,,-0.10226791343972366,-0.10125535984131055,,-0.00483081571314,-8.62668,,,
22:51:33.153,,,,,,,,,,,,,,,,,,,,,,,,,,,,,,,,,,,,,,,,,,,,,43.7,43.7,,,,,,,57.2,,,,,,,,,,,,,,,,,,,,,,,,,,,,,,,,,,,,,,,,,,,,,,,,,,,,,,,,,,,,,,,,,,,,,,,,,,,,,,,,
22:51:33.753,,,,,,,,,,,,,,,,,,,,,,,,,,,,,,,,,,,,,,,,,,,,,,,,,,,,,,,,,,,,,,,,,,,,,,,,,,,,,,,,,,,,,,,,,,,,,,,,,,,,,,,,,,,,,,,,,,,,,0,14.4917674,0,,,,,,,,,,,,,,
22:51:33.963,,,,,,,,,,,,,,,,,,,,,,,,,,,,,,,,,,,,,,,,,,,,,,,,,,,,,,,,,,,,,,,,,,,,,,,,,,,,,,,,,0,0,,,,,50,1,,,0,,,,,,,42.8,42.8,,,,,,,,,,,,,,,,,,,,,,,,,,,,,,,,,,
22:51:34.132,,,,,,,,,,,,,,,,,,,,,,,,,,,,,,,,,,,,,,,,,,,,,,,,,,,,,,,,,,,,,,,,,,,,,,,,,,,,,,,,,,,,,,,,,,,,,,,,,,,,,,-50,0,0,0,0,400,0,0,0,0,,,,,,,,,,0,,,,,,,,,,0,,
22:51:34.378,,,,,,,,,,,,,,,,,,,,,,,,,,,,,,,,,,,,,,,,,,,,,,,,,,,,,,,,,,,,,,,,,,,,,,,,,,,,,,,,,,,4,899,2841,0,,,36.4,825.6,,66.7,5.800000000000001,13,0,41,0,,,350,825.6,,,,,,,,,,,0,0,35,695.7,1.491,,,,,,,,,,,,,,,,,
22:51:34.700,,,,,,,,,,,,,,,,,,,,,,,,,,,,,,,,,,,,,,,,,,,,,,,,,,,,,,,,,,,,,,,,,19.56,19.830000000000002,60,2.5100000000000002,2.5,39.4,240.9,0,6.44,6.43,12.88,694.7,59,50,,,,,,,,,,,,,,,,,,,,,,,,,,,,,,,,,,,,,,,,,,,,,,,,,,,,,,,
22:51:34.844,,,,0,,,,23,,,,,,,,,37.4,53.6,,,,,,,,37.4,,,,,0,,,,,,,,,,,,,,,,,,,,,,,,,,,,,,,,,,,,,,,,,,,,,,,,,,,,,,,,,,,,,,,,,,,,,,,,,,,,,,,,,,,,,,,,,,,,,,,,,,,,,,
22:51:34.971,14.1,-12.4,695.8,,0,0,30.2,,46.4,39.2,39.2,46.4,41,44.6,41,-8.62792,,,11240.865555555556,40467116,0,0,4.83194444444444,3.86555555555556,3.62395833333333,,24872.3,24649.5,18333.8,17777.3,,0,0,0,696,2426,3.62,102,3.62,17,0,11240.8655555556,0,37,,,,,,,,,,,,,,,,,,,,,,,,,,,,,,,,,,,,,,,,,,,,,,,,,,,,,,,,,,,,,,,,,,,,,,,,,,,,,,,,,,-0.10689514861576296,-0.1058367808076861,,-0.004581420966375555,-8.62792,,,
22:51:35.520,,,,,,,,,,,,,,,,,,,,,,,,,,,,,,,,,,,,,,,,,,,,,,,,,,,,,,,,,2.3899999999999864,100,50.900000000000006,14.5,694.4000000000001,12.43,14.602,55.400000000000006,,,,,,,,,,,,,,,,,,,,,,,,,,,,,,,,,,,,,,,,,,,,,,,,,,,,,,,,,,,,,,,,,,,,,
22:51:36.515,,,,,,,,,,,,,,,,,,,,,,,,,,,,,,,,,,,,,,,,,,,,,,,,,,,,,,,,,,,,,,,,,,,,,,,,,,,,,,,,,,,,,,,,,,,,,,,,,,,,,,,,,,,,,,,,,,,,,0,14.4907908,0,,,,,,,,,,,,,,
22:51:36.752,,,,,,,,,,,,,,,,,,,,,,,,,,,,,,,,,,,,,,,,,,,,,,,,,,,,,,,,,,,,,,,,,,,,,,,,,,,,,,,,,0,0,,,,,50,1,,,0,,,,,,,42.8,42.8,,,,,,,,,,,,,,,,,,,,,,,,,,,,,,,,,,
22:51:36.928,,,,,,,,,,,,,,,,,,,,,,,,,,,,,,,,,,,,,,,,,,,,,,,,,,,,,,,,,,,,,,,,,,,,,,,,,,,,,,,,,,,,,,,,,,,,,,,,,,,,,,-50,0,0,0,0,400,0,0,0,0,,,,,,,,,,0,,,,,,,,,,0,,
22:51:37.188,,,,,,,,,,,,,,,,,,,,,,,,,,,,,,,,,,,,,,,,,,,,,,,,,,,,,,,,,,,,,,,,,,,,,,,,,,,,,,,,,,,4,899,2841,0,,,36.4,825.6,,66.7,5.800000000000001,13,0,41,0,,,350,825.6,,,,,,,,,,,0,0,35,695.8000000000001,1.49,,,,,,,,,,,,,,,,,
22:51:37.535,,,,,,,,,,,,,,,,,,,,,,,,,,,,,,,,,,,,,,,,,,,,,,,,,,,,,,,,,,,,,,,,,19.55,19.84,60,3.0100000000000002,2.98,39.39,240.8,0,6.45,6.46,12.91,693.8000000000001,60.8,50,,,,,,,,,,,,,,,,,,,,,,,,,,,,,,,,,,,,,,,,,,,,,,,,,,,,,,,
22:51:37.696,,,,0,,,,23,,,,,,,,,37.4,53.6,,,,,,,,37.4,,,,,0,,,,,,,,,,,,,,,,,,,,,,,,,,,,,,,,,,,,,,,,,,,,,,,,,,,,,,,,,,,,,,,,,,,,,,,,,,,,,,,,,,,,,,,,,,,,,,,,,,,,,,
22:51:37.823,14.1,-12.4,695.8,,0,0,30.2,,46.4,39.2,39.2,46.4,41,44.6,41,-8.62792,,,11240.86638888889,40467119,0,0,4.83194444444444,3.86555555555556,3.62395833333333,,24872.3,24649.5,18333.8,17777.3,,0,0,0,696,2425,3.62,22,3.62,17,0,11240.8663888889,0,37,,,,,,,,,,,,,,,,,,,,,,,,,,,,,,,,,,,,,,,,,,,,,,,,,,,,,,,,,,,,,,,,,,,,,,,,,,,,,,,,,,-0.1137984839685634,-0.11267176630550832,,-0.006834985497822222,-8.62792,,,
22:51:37.986,,,,,,,,,,,,,,,,,,,,,,,,,,,,,,,,,,,,,,,,,,,,,,,32.9,50,69.80000000000001,89.6,91.4,69.80000000000001,,30.2,30.2,0,,,,,,,,,,,,,,,,,,,,,,,,,,,,,,,,,,,,,,,,,,,,,,,,,,,,,,,,,,,,,,,,0,,0,4.674669927622683,20.55642174699753,20.38883917919351,,,,,,,0,
22:51:38.336,,,,,,,,,,,,,,,,,,,,,,,,,,,,,,,,,,,,,,,,,,,,,,,,,,,,,,,,,2.3899999999999864,100,50.900000000000006,14.501,693.3000000000001,12.03,14.605,55.400000000000006,,,,,,,,,,,,,,,,,,,,,,,,,,,,,,,,,,,,,,,,,,,,,,,,,,,,,,,,,,,,,,,,,,,,,
22:51:39.343,,,,,,,,,,,,,,,,,,,,,,,,,,,,,,,,,,,,,,,,,,,,,,,,,,,,,,,,,,,,,,,,,,,,,,,,,,,,,,,,,,,,,,,,,,,,,,,,,,,,,,,,,,,,,,,,,,,,,0,14.4907908,0,,,,,,,,,,,,,,
22:51:39.563,,,,,,,,,,,,,,,,,,,,,,,,,,,,,,,,,,,,,,,,,,,,,,,,,,,,,,,,,,,,,,,,,,,,,,,,,,,,,,,,,0,0,,,,,51.8,1,,,0,,,,,,,42.8,42.8,,,,,,,,,,,,,,,,,,,,,,,,,,,,,,,,,,
22:51:39.715,,,,,,,,,,,,,,,,,,,,,,,,,,,,,,,,,,,,,,,,,,,,,,,,,,,,,,,,,,,,,,,,,,,,,,,,,,,,,,,,,,,,,,,,,,,,,,,,,,,,,,-50,0,0,0,0,400,0,0,0,0,,,,,,,,,,0,,,,,,,,,,0,,
22:51:39.971,,,,,,,,,,,,,,,,,,,,,,,,,,,,,,,,,,,,,,,,,,,,,,,,,,,,,,,,,,,,,,,,,,,,,,,,,,,,,,,,,,,4,899,2841,0,,,36.4,825.6,,66.7,5.800000000000001,13,0,41,0,,,350,825.6,,,,,,,,,,,0,0,35,695.9000000000001,1.491,,,,,,,,,,,,,,,,,
22:51:40.351,,,,,,,,,,,,,,,,,,,,,,,,,,,,,,,,,,,,,,,,,,,,,,,,,,,,,,,,,,,,,,,,,19.56,19.830000000000002,60,2.2800000000000002,2.3000000000000003,39.4,241,0,6.45,6.46,12.9,694.3000000000001,62.6,50,,,,,,,,,,,,,,,,,,,,,,,,,,,,,,,,,,,,,,,,,,,,,,,,,,,,,,,
22:51:40.543,,,,0,,,,23,,,,,,,,,37.4,53.6,,,,,,,,37.4,,,,,0,,,,,,,,,,,,,,,,,,,,,,,,,,,,,,,,,,,,,,,,,,,,,,,,,,,,,,,,,,,,,,,,,,,,,,,,,,,,,,,,,,,,,,,,,,,,,,,,,,,,,,
22:51:40.657,14.1,-12.4,696,,0,0,30.2,,46.4,39.2,39.2,46.4,41,44.6,41,-8.6304,,,11240.867222222223,40467122,0,0,4.83333333333333,3.86666666666667,3.625,,24872.3,24649.5,18333.8,17777.3,,0,0,0,696,2425,3.62,67,3.62,17,0,11240.8672222222,0,37,,,,,,,,,,,,,,,,,,,,,,,,,,,,,,,,,,,,,,,,,,,,,,,,,,,,,,,,,,,,,,,,,,,,,,,,,,,,,,,,,,-0.12066200773932874,-0.11946733439537499,0,-0.006795568089866667,-8.6304,,,
22:51:40.759,,,,,,,,,,,,,,,,,,,,,,,,,,,,,,,,,,,,,,,,,,,,,43.7,43.7,,,,,,,57.2,,,,,,,,,,,,,,,,,,,,,,,,,,,,,,,,,,,,,,,,,,,,,,,,,,,,,,,,,,,,,,,,,,,,,,,,,,,,,,,,
22:51:40.804,,,,,,,,,,,,,,,,,,,,,,,,,,,,,,,,,,,,,,,,,,,,,,,32.9,50,69.80000000000001,89.6,91.4,69.80000000000001,,30.2,30.2,0,,,,,,,,,,,,,,,,,,,,,,,,,,,,,,,,,,,,,,,,,,,,,,,,,,,,,,,,,,,,,,,,0,,0,4.674669927622683,20.55642174699753,20.38883917919351,,,,,,,0,
22:51:41.158,,,,,,,,,,,,,,,,,,,,,,,,,,,,,,,,,,,,,,,,,,,,,,,,,,,,,,,,,2.5400000000000205,100,50.900000000000006,14.502,693.2,12.11,14.605,55.400000000000006,,,,,,,,,,,,,,,,,,,,,,,,,,,,,,,,,,,,,,,,,,,,,,,,,,,,,,,,,,,,,,,,,,,,,
22:51:41.901,,,,,,,,,,,,,,,,,,,,,,,,,,,,,,,,,,,,,,,,,,,,,,,,,,,,,,,,,,,,,,,,,,,,,,,,,,,,,,,,,,,,,,,,,,,,,,,,,,,,,,,,,,,,,,,,,,,,,0,14.4907908,0,,,,,,,,,,,,,,
22:51:42.152,,,,,,,,,,,,,,,,,,,,,,,,,,,,,,,,,,,,,,,,,,,,,,,,,,,,,,,,,,,,,,,,,,,,,,,,,,,,,,,,,0,0,,,,,51.8,1,,,0,,,,,,,42.8,42.8,,,,,,,,,,,,,,,,,,,,,,,,,,,,,,,,,,
22:51:42.335,,,,,,,,,,,,,,,,,,,,,,,,,,,,,,,,,,,,,,,,,,,,,,,,,,,,,,,,,,,,,,,,,,,,,,,,,,,,,,,,,,,,,,,,,,,,,,,,,,,,,,-50,0,0,0,0,400,0,0,0,0,,,,,,,,,,0,,,,,,,,,,0,,
22:51:42.587,,,,,,,,,,,,,,,,,,,,,,,,,,,,,,,,,,,,,,,,,,,,,,,,,,,,,,,,,,,,,,,,,,,,,,,,,,,,,,,,,,,4,899,2841,0,,,36.4,825.6,,66.7,5.800000000000001,13,0,41,0,,,350,825.6,,,,,,,,,,,0,0,35,696,1.492,,,,,,,,,,,,,,,,,
22:51:42.987,,,,,,,,,,,,,,,,,,,,,,,,,,,,,,,,,,,,,,,,,,,,,,,,,,,,,,,,,,,,,,,,,19.57,19.830000000000002,60,2.24,2.24,39.410000000000004,241.20000000000002,0,6.48,6.48,12.96,694.6,62.6,51.8,,,,,,,,,,,,,,,,,,,,,,,,,,,,,,,,,,,,,,,,,,,,,,,,,,,,,,,
22:51:43.140,,,,0,,,,23,,,,,,,,,37.4,53.6,,,,,,,,37.4,,,,,0,,,,,,,,,,,,,,,,,,,,,,,,,,,,,,,,,,,,,,,,,,,,,,,,,,,,,,,,,,,,,,,,,,,,,,,,,,,,,,,,,,,,,,,,,,,,,,,,,,,,,,
22:51:43.272,14.1,-12.4,696,,0,0,30.2,,46.4,39.2,39.2,46.4,41,44.6,41,-8.6304,,,11240.867777777778,40467124,0,0,4.83333333333333,3.86666666666667,3.625,,24872.3,24649.5,18333.8,17777.3,,0,0,0,696,2425,3.62,58,3.62,17,0,11240.8677777778,0,37,,,,,,,,,,,,,,,,,,,,,,,,,,,,,,,,,,,,,,,,,,,,,,,,,,,,,,,,,,,,,,,,,,,,,,,,,,,,,,,,,,-0.1269914362957314,-0.1257340953423083,0,-0.006266760946933333,-8.6304,,,
22:51:43.383,,,,,,,,,,,,,,,,,,,,,,,,,,,,,,,,,,,,,,,,,,,,,43.7,43.7,,,,,,,57.2,,,,,,,,,,,,,,,,,,,,,,,,,,,,,,,,,,,,,,,,,,,,,,,,,,,,,,,,,,,,,,,,,,,,,,,,,,,,,,,,
22:51:43.449,,,,,,,,,,,,,,,,,,,,,,,,,,,,,,,,,,,,,,,,,,,,,,,32.9,50,69.80000000000001,88.7,91.4,69.80000000000001,,30.2,30.2,0,,,,,,,,,,,,,,,,,,,,,,,,,,,,,,,,,,,,,,,,,,,,,,,,,,,,,,,,,,,,,,,,0,,0,4.674669927622683,20.55642174699753,20.38883917919351,,,,,,,0,
22:51:43.827,,,,,,,,,,,,,,,,,,,,,,,,,,,,,,,,,,,,,,,,,,,,,,,,,,,,,,,,,2.329999999999984,100,50.900000000000006,14.501,694.6,11.18,14.603,55.400000000000006,,,,,,,,,,,,,,,,,,,,,,,,,,,,,,,,,,,,,,,,,,,,,,,,,,,,,,,,,,,,,,,,,,,,,
22:51:44.556,,,,,,,,,,,,,,,,,,,,,,,,,,,,,,,,,,,,,,,,,,,,,,,,,,,,,,,,,,,,,,,,,,,,,,,,,,,,,,,,,,,,,,,,,,,,,,,,,,,,,,,,,,,,,,,,,,,,,0,14.4907908,0,,,,,,,,,,,,,,
22:51:44.802,,,,,,,,,,,,,,,,,,,,,,,,,,,,,,,,,,,,,,,,,,,,,,,,,,,,,,,,,,,,,,,,,,,,,,,,,,,,,,,,,0,0,,,,,51.8,1,,,0,,,,,,,42.8,42.8,,,,,,,,,,,,,,,,,,,,,,,,,,,,,,,,,,
22:51:44.971,,,,,,,,,,,,,,,,,,,,,,,,,,,,,,,,,,,,,,,,,,,,,,,,,,,,,,,,,,,,,,,,,,,,,,,,,,,,,,,,,,,,,,,,,,,,,,,,,,,,,,-50,0,0,0,0,400,0,0,0,0,,,,,,,,,,0,,,,,,,,,,0,,
22:51:45.223,,,,,,,,,,,,,,,,,,,,,,,,,,,,,,,,,,,,,,,,,,,,,,,,,,,,,,,,,,,,,,,,,,,,,,,,,,,,,,,,,,,4,899,2841,0,,,36.4,825.6,,66.7,5.800000000000001,13,0,41,0,,,350,825.6,,,,,,,,,,,0,0,35,696,1.491,,,,,,,,,,,,,,,,,
22:51:45.548,,,,,,,,,,,,,,,,,,,,,,,,,,,,,,,,,,,,,,,,,,,,,,,,,,,,,,,,,,,,,,,,,19.580000000000002,19.85,60,2.6,2.56,39.43,241.10000000000002,0,6.47,6.47,12.94,694.6,64.4,51.8,,,,,,,,,,,,,,,,,,,,,,,,,,,,,,,,,,,,,,,,,,,,,,,,,,,,,,,
22:51:45.681,,,,0,,,,23,,,,,,,,,37.4,53.6,,,,,,,,37.4,,,,,0,,,,,,,,,,,,,,,,,,,,,,,,,,,,,,,,,,,,,,,,,,,,,,,,,,,,,,,,,,,,,,,,,,,,,,,,,,,,,,,,,,,,,,,,,,,,,,,,,,,,,,
22:51:45.819,14.1,-12.4,696,,0,0,30.2,,46.4,39.2,39.2,46.4,41,44.6,41,-8.6304,,,11240.868611111111,40467127,0,0,4.83333333333333,3.86666666666667,3.625,,24872.3,24649.5,18333.8,17777.3,,0,0,0,696,2426,3.62,4,3.62,17,0,11240.8686111111,0,37,,,,,,,,,,,,,,,,,,,,,,,,,,,,,,,,,,,,,,,,,,,,,,,,,,,,,,,,,,,,,,,,,,,,,,,,,,,,,,,,,,-0.13315966684506206,-0.13184125430204163,0,-0.006107158959733333,-8.6304,,,
22:51:45.908,,,,,,,,,,,,,,,,,,,,,,,,,,,,,,,,,,,,,,,,,,,,,43.7,43.7,,,,,,,57.2,,,,,,,,,,,,,,,,,,,,,,,,,,,,,,,,,,,,,,,,,,,,,,,,,,,,,,,,,,,,,,,,,,,,,,,,,,,,,,,,
22:51:46.258,,,,,,,,,,,,,,,,,,,,,,,,,,,,,,,,,,,,,,,,,,,,,,,,,,,,,,,,,2.3500000000000227,100,50.900000000000006,14.5,693.9000000000001,12.58,14.601,55.400000000000006,,,,,,,,,,,,,,,,,,,,,,,,,,,,,,,,,,,,,,,,,,,,,,,,,,,,,,,,,,,,,,,,,,,,,
22:51:47.232,,,,,,,,,,,,,,,,,,,,,,,,,,,,,,,,,,,,,,,,,,,,,,,,,,,,,,,,,,,,,,,,,,,,,,,,,,,,,,,,,,,,,,,,,,,,,,,,,,,,,,,,,,,,,,,,,,,,,0,14.4907908,0,,,,,,,,,,,,,,
22:51:47.466,,,,,,,,,,,,,,,,,,,,,,,,,,,,,,,,,,,,,,,,,,,,,,,,,,,,,,,,,,,,,,,,,,,,,,,,,,,,,,,,,0,0,,,,,53.6,1,,,0,,,,,,,42.8,42.8,,,,,,,,,,,,,,,,,,,,,,,,,,,,,,,,,,
22:51:47.643,,,,,,,,,,,,,,,,,,,,,,,,,,,,,,,,,,,,,,,,,,,,,,,,,,,,,,,,,,,,,,,,,,,,,,,,,,,,,,,,,,,,,,,,,,,,,,,,,,,,,,-50,0,0,0,0,400,0,0,0,0,,,,,,,,,,0,,,,,,,,,,0,,
22:51:47.896,,,,,,,,,,,,,,,,,,,,,,,,,,,,,,,,,,,,,,,,,,,,,,,,,,,,,,,,,,,,,,,,,,,,,,,,,,,,,,,,,,,4,899,2841,0,,,36.4,825.6,,66.7,5.800000000000001,13,0,41,0,,,350,825.6,,,,,,,,,,,0,0,35,696.1,1.491,,,,,,,,,,,,,,,,,
22:51:48.202,,,,,,,,,,,,,,,,,,,,,,,,,,,,,,,,,,,,,,,,,,,,,,,,,,,,,,,,,,,,,,,,,19.56,19.84,60,2.66,2.6,39.4,241.10000000000002,0,6.47,6.48,12.950000000000001,694.2,66.2,51.8,,,,,,,,,,,,,,,,,,,,,,,,,,,,,,,,,,,,,,,,,,,,,,,,,,,,,,,
22:51:48.398,,,,0,,,,23,,,,,,,,,37.4,53.6,,,,,,,,37.4,,,,,0,,,,,,,,,,,,,,,,,,,,,,,,,,,,,,,,,,,,,,,,,,,,,,,,,,,,,,,,,,,,,,,,,,,,,,,,,,,,,,,,,,,,,,,,,,,,,,,,,,,,,,
22:51:48.522,14.1,-12.4,696.1,,0,0,30.2,,46.4,39.2,39.2,46.4,41,44.6,41,-8.63164,,,11240.869166666667,40467129,0,0,4.83402777777778,3.86722222222222,3.62552083333333,,24872.3,24649.5,18333.8,17777.3,,0,0,0,696,2426,3.62,23,3.62,17,0,11240.8691666667,0,37,,,,,,,,,,,,,,,,,,,,,,,,,,,,,,,,,,,,,,,,,,,,,,,,,,,,,,,,,,,,,,,,,,,,,,,,,,,,,,,,,,-0.13970602631725862,-0.13832279833391942,,-0.006481544031877778,-8.63164,,,
22:51:48.996,,,,,,,,,,,,,,,,,,,,,,,,,,,,,,,,,,,,,,,,,,,,,,,,,,,,,,,,,2.2200000000000273,100,50.900000000000006,14.499,694.1,11.59,14.605,55.400000000000006,,,,,,,,,,,,,,,,,,,,,,,,,,,,,,,,,,,,,,,,,,,,,,,,,,,,,,,,,,,,,,,,,,,,,
22:51:49.963,,,,,,,,,,,,,,,,,,,,,,,,,,,,,,,,,,,,,,,,,,,,,,,,,,,,,,,,,,,,,,,,,,,,,,,,,,,,,,,,,,,,,,,,,,,,,,,,,,,,,,,,,,,,,,,,,,,,,0,14.4907908,0,,,,,,,,,,,,,,
22:51:50.198,,,,,,,,,,,,,,,,,,,,,,,,,,,,,,,,,,,,,,,,,,,,,,,,,,,,,,,,,,,,,,,,,,,,,,,,,,,,,,,,,0,0,,,,,53.6,1,,,0,,,,,,,42.8,42.8,,,,,,,,,,,,,,,,,,,,,,,,,,,,,,,,,,
22:51:50.368,,,,,,,,,,,,,,,,,,,,,,,,,,,,,,,,,,,,,,,,,,,,,,,,,,,,,,,,,,,,,,,,,,,,,,,,,,,,,,,,,,,,,,,,,,,,,,,,,,,,,,-50,0,0,0,0,400,0,0,0,0,,,,,,,,,,0,,,,,,,,,,0,,
22:51:50.627,,,,,,,,,,,,,,,,,,,,,,,,,,,,,,,,,,,,,,,,,,,,,,,,,,,,,,,,,,,,,,,,,,,,,,,,,,,,,,,,,,,4,899,2841,1,,,36.4,825.6,,66.7,5.800000000000001,13,0,41,0,,,350,825.6,,,,,,,,,,,0,0,35,696.1,1.491,,,,,,,,,,,,,,,,,
22:51:50.964,,,,,,,,,,,,,,,,,,,,,,,,,,,,,,,,,,,,,,,,,,,,,,,,,,,,,,,,,,,,,,,,,19.56,19.81,60,1.99,1.92,39.37,240.9,0,6.48,6.48,12.96,694.4000000000001,68,51.8,,,,,,,,,,,,,,,,,,,,,,,,,,,,,,,,,,,,,,,,,,,,,,,,,,,,,,,
22:51:51.108,,,,0,,,,23,,,,,,,,,37.4,53.6,,,,,,,,37.4,,,,,0,,,,,,,,,,,,,,,,,,,,,,,,,,,,,,,,,,,,,,,,,,,,,,,,,,,,,,,,,,,,,,,,,,,,,,,,,,,,,,,,,,,,,,,,,,,,,,,,,,,,,,
22:51:51.235,14.1,-12.4,696.1,,0,0,30.2,,46.4,39.2,39.2,46.4,41,44.6,41,-8.63164,,,11240.87,40467132,0,0,4.83402777777778,3.86722222222222,3.62552083333333,,24872.3,24649.5,18333.8,17777.3,,0,0,0,696,2426,3.62,93,3.62,17,0,11240.87,0,37,,,,,,,,,,,,,,,,,,,,,,,,,,,,,,,,,,,,,,,,,,,,,,,,,,,,,,,,,,,,,,,,,,,,,,,,,,,,,,,,,,-0.14627476647869214,-0.14482650146405163,,-0.006503703130132222,-8.63164,,,
22:51:51.775,,,,,,,,,,,,,,,,,,,,,,,,,,,,,,,,,,,,,,,,,,,,,,,,,,,,,,,,,2.1899999999999977,100,50.900000000000006,14.5,694.2,12.8,14.601,53.6,,,,,,,,,,,,,,,,,,,,,,,,,,,,,,,,,,,,,,,,,,,,,,,,,,,,,,,,,,,,,,,,,,,,,
22:51:52.785,,,,,,,,,,,,,,,,,,,,,,,,,,,,,,,,,,,,,,,,,,,,,,,,,,,,,,,,,,,,,,,,,,,,,,,,,,,,,,,,,,,,,,,,,,,,,,,,,,,,,,,,,,,,,,,,,,,,,0,14.4907908,0,,,,,,,,,,,,,,
22:51:53.036,,,,,,,,,,,,,,,,,,,,,,,,,,,,,,,,,,,,,,,,,,,,,,,,,,,,,,,,,,,,,,,,,,,,,,,,,,,,,,,,,0,0,,,,,53.6,1,,,0,,,,,,,42.8,42.8,,,,,,,,,,,,,,,,,,,,,,,,,,,,,,,,,,
22:51:53.235,,,,,,,,,,,,,,,,,,,,,,,,,,,,,,,,,,,,,,,,,,,,,,,,,,,,,,,,,,,,,,,,,,,,,,,,,,,,,,,,,,,,,,,,,,,,,,,,,,,,,,-50,0,0,0,0,400,0,0,0,0,,,,,,,,,,0,,,,,,,,,,0,,
22:51:53.535,,,,,,,,,,,,,,,,,,,,,,,,,,,,,,,,,,,,,,,,,,,,,,,,,,,,,,,,,,,,,,,,,,,,,,,,,,,,,,,,,,,4,899,2841,1,,,36.4,825.6,,66.7,5.800000000000001,13,0,41,0,,,350,825.6,,,,,,,,,,,0,0,35,696.2,1.491,,,,,,,,,,,,,,,,,
22:51:53.875,,,,,,,,,,,,,,,,,,,,,,,,,,,,,,,,,,,,,,,,,,,,,,,,,,,,,,,,,,,,,,,,,19.56,19.830000000000002,60,2.81,2.79,39.38,240.9,0,6.47,6.46,12.93,695.7,68,53.6,,,,,,,,,,,,,,,,,,,,,,,,,,,,,,,,,,,,,,,,,,,,,,,,,,,,,,,
22:51:54.016,,,,0,,,,23,,,,,,,,,37.4,53.6,,,,,,,,37.4,,,,,0,,,,,,,,,,,,,,,,,,,,,,,,,,,,,,,,,,,,,,,,,,,,,,,,,,,,,,,,,,,,,,,,,,,,,,,,,,,,,,,,,,,,,,,,,,,,,,,,,,,,,,
22:51:54.164,14.1,-12.4,696.2,,0,0,30.2,,46.4,39.2,39.2,46.4,41,44.6,41,-8.63288,,,11240.870833333332,40467135,0,0,4.83472222222222,3.86777777777778,3.62604166666667,,24872.4,24649.5,18333.8,17777.3,,0,0,0,696,2424,3.62,102,3.62,17,0,11240.8708333333,0,37.5,,,,,,,,,,,,,,,,,,,,,,,,,,,,,,,,,,,,,,,,,,,,,,,,,,,,,,,,,,,,,,,,,,,,,,,,,,,,,,,,,,-0.15336941520147906,-0.1518509061400783,,-0.007024404676026668,-8.632880000000002,,,
22:51:54.635,,,,,,,,,,,,,,,,,,,,,,,,,,,,,,,,,,,,,,,,,,,,,,,,,,,,,,,,,2.329999999999984,100,50.900000000000006,14.5,694.3000000000001,11.79,14.604,53.6,,,,,,,,,,,,,,,,,,,,,,,,,,,,,,,,,,,,,,,,,,,,,,,,,,,,,,,,,,,,,,,,,,,,,
22:51:55.566,,,,,,,,,,,,,,,,,,,,,,,,,,,,,,,,,,,,,,,,,,,,,,,,,,,,,,,,,,,,,,,,,,,,,,,,,,,,,,,,,,,,,,,,,,,,,,,,,,,,,,,,,,,,,,,,,,,,,0,14.4907908,0,,,,,,,,,,,,,,
22:51:55.842,,,,,,,,,,,,,,,,,,,,,,,,,,,,,,,,,,,,,,,,,,,,,,,,,,,,,,,,,,,,,,,,,,,,,,,,,,,,,,,,,0,0,,,,,55.400000000000006,1,,,0,,,,,,,42.8,42.8,,,,,,,,,,,,,,,,,,,,,,,,,,,,,,,,,,
22:51:56.020,,,,,,,,,,,,,,,,,,,,,,,,,,,,,,,,,,,,,,,,,,,,,,,,,,,,,,,,,,,,,,,,,,,,,,,,,,,,,,,,,,,,,,,,,,,,,,,,,,,,,,-50,0,0,0,0,400,0,0,0,0,,,,,,,,,,0,,,,,,,,,,0,,
22:51:56.263,,,,,,,,,,,,,,,,,,,,,,,,,,,,,,,,,,,,,,,,,,,,,,,,,,,,,,,,,,,,,,,,,,,,,,,,,,,,,,,,,,,4,899,2841,1,,,36.4,825.6,,66.7,5.800000000000001,13,0,41,0,,,350,825.6,,,,,,,,,,,0,0,35.5,696.3000000000001,1.49,,,,,,,,,,,,,,,,,
22:51:56.627,,,,,,,,,,,,,,,,,,,,,,,,,,,,,,,,,,,,,,,,,,,,,,,,,,,,,,,,,,,,,,,,,19.56,19.830000000000002,60,2.97,2.97,39.38,240.8,0,6.47,6.48,12.950000000000001,694.5,69.80000000000001,53.6,,,,,,,,,,,,,,,,,,,,,,,,,,,,,,,,,,,,,,,,,,,,,,,,,,,,,,,
22:51:56.787,,,,0,,,,23,,,,,,,,,37.4,53.6,,,,,,,,37.4,,,,,0,,,,,,,,,,,,,,,,,,,,,,,,,,,,,,,,,,,,,,,,,,,,,,,,,,,,,,,,,,,,,,,,,,,,,,,,,,,,,,,,,,,,,,,,,,,,,,,,,,,,,,
22:51:56.915,14.1,-12.4,696.3,,0,0,30.2,,46.4,39.2,39.2,46.4,41,44.6,41,-8.63412,,,11240.871666666666,40467138,0,0,4.83541666666667,3.86833333333333,3.6265625,,24872.4,24649.5,18333.8,17777.3,,0,0,0,697,2424,3.62,4,3.62,17,0,11240.8716666667,0,37.5,,,,,,,,,,,,,,,,,,,,,,,,,,,,,,,,,,,,,,,,,,,,,,,,,,,,,,,,,,,,,,,,,,,,,,,,,,,,,,,,,,-0.1600332583351132,-0.15844877062882495,,-0.0065978644887466666,-8.63412,,,
22:51:57.015,,,,,,,,,,,,,,,,,,,,,,,,,,,,,,,,,,,,,,,,,,,,,43.7,43.7,,,,,,,57.2,,,,,,,,,,,,,,,,,,,,,,,,,,,,,,,,,,,,,,,,,,,,,,,,,,,,,,,,,,,,,,,,,,,,,,,,,,,,,,,,
22:51:57.581,,,,,,,,,,,,,,,,,,,,,,,,,,,,,,,,,,,,,,,,,,,,,,,,,,,,,,,,,,,,,,,,,,,,,,,,,,,,,,,,,,,,,,,,,,,,,,,,,,,,,,,,,,,,,,,,,,,,,0,14.4907908,0,,,,,,,,,,,,,,
22:51:57.818,,,,,,,,,,,,,,,,,,,,,,,,,,,,,,,,,,,,,,,,,,,,,,,,,,,,,,,,,,,,,,,,,,,,,,,,,,,,,,,,,0,0,,,,,55.400000000000006,1,,,0,,,,,,,42.8,42.8,,,,,,,,,,,,,,,,,,,,,,,,,,,,,,,,,,
22:51:57.998,,,,,,,,,,,,,,,,,,,,,,,,,,,,,,,,,,,,,,,,,,,,,,,,,,,,,,,,,,,,,,,,,,,,,,,,,,,,,,,,,,,,,,,,,,,,,,,,,,,,,,-50,0,0,0,0,400,0,0,0,0,,,,,,,,,,0,,,,,,,,,,0,,
22:51:58.245,,,,,,,,,,,,,,,,,,,,,,,,,,,,,,,,,,,,,,,,,,,,,,,,,,,,,,,,,,,,,,,,,,,,,,,,,,,,,,,,,,,4,899,2841,1,,,36.4,825.6,,66.7,5.800000000000001,13,0,41,0,,,350,825.6,,,,,,,,,,,0,0,35.5,696.3000000000001,1.492,,,,,,,,,,,,,,,,,
22:51:58.616,,,,,,,,,,,,,,,,,,,,,,,,,,,,,,,,,,,,,,,,,,,,,,,,,,,,,,,,,,,,,,,,,19.55,19.8,60,2.11,2.06,39.35,241,0,6.47,6.47,12.94,694.7,69.80000000000001,53.6,,,,,,,,,,,,,,,,,,,,,,,,,,,,,,,,,,,,,,,,,,,,,,,,,,,,,,,
22:51:58.767,,,,0,,,,23,,,,,,,,,37.4,53.6,,,,,,,,37.4,,,,,0,,,,,,,,,,,,,,,,,,,,,,,,,,,,,,,,,,,,,,,,,,,,,,,,,,,,,,,,,,,,,,,,,,,,,,,,,,,,,,,,,,,,,,,,,,,,,,,,,,,,,,
22:51:58.884,14.1,-12.5,696.4,,0,0,30.2,,46.4,39.2,39.2,46.4,41,44.6,41,-8.705,,,11240.872222222222,40467140,0,0,4.83611111111111,3.86888888888889,3.62708333333333,,24872.4,24649.5,18333.8,17777.3,,0,0,0,697,2424,3.62,67,3.62,17,0,11240.8722222222,0,37.5,,,,,,,,,,,,,,,,,,,,,,,,,,,,,,,,,,,,,,,,,,,,,,,,,,,,,,,,,,,,,,,,,,,,,,,,,,,,,,,,,,-0.1648410846403424,-0.1632089946934083,,-0.004760224064583333,-8.705,,,
22:51:58.985,,,,,,,,,,,,,,,,,,,,,,,,,,,,,,,,,,,,,,,,,,,,,43.7,43.7,,,,,,,57.2,,,,,,,,,,,,,,,,,,,,,,,,,,,,,,,,,,,,,,,,,,,,,,,,,,,,,,,,,,,,,,,,,,,,,,,,,,,,,,,,
22:51:59.590,,,,,,,,,,,,,,,,,,,,,,,,,,,,,,,,,,,,,,,,,,,,,,,,,,,,,,,,,,,,,,,,,,,,,,,,,,,,,,,,,,,,,,,,,,,,,,,,,,,,,,,,,,,,,,,,,,,,,0,14.4907908,0,,,,,,,,,,,,,,
22:51:59.832,,,,,,,,,,,,,,,,,,,,,,,,,,,,,,,,,,,,,,,,,,,,,,,,,,,,,,,,,,,,,,,,,,,,,,,,,,,,,,,,,0,0,,,,,55.400000000000006,1,,,0,,,,,,,42.8,42.8,,,,,,,,,,,,,,,,,,,,,,,,,,,,,,,,,,
22:51:59.978,,,,,,,,,,,,,,,,,,,,,,,,,,,,,,,,,,,,,,,,,,,,,,,,,,,,,,,,,,,,,,,,,,,,,,,,,,,,,,,,,,,,,,,,,,,,,,,,,,,,,,-50,0,0,0,0,400,0,0,0,0,,,,,,,,,,0,,,,,,,,,,0,,
22:52:00.224,,,,,,,,,,,,,,,,,,,,,,,,,,,,,,,,,,,,,,,,,,,,,,,,,,,,,,,,,,,,,,,,,,,,,,,,,,,,,,,,,,,4,899,2841,1,,,36.4,825.6,,66.7,5.800000000000001,13,0,41,0,,,350,825.6,,,,,,,,,,,0,0,35.5,696.4000000000001,1.492,,,,,,,,,,,,,,,,,
22:52:00.590,,,,,,,,,,,,,,,,,,,,,,,,,,,,,,,,,,,,,,,,,,,,,,,,,,,,,,,,,,,,,,,,,19.6,19.84,60,2.45,2.46,39.45,240.9,0,6.48,6.48,12.950000000000001,694.8000000000001,71.6,55.400000000000006,,,,,,,,,,,,,,,,,,,,,,,,,,,,,,,,,,,,,,,,,,,,,,,,,,,,,,,
22:52:00.778,,,,0,,,,23,,,,,,,,,37.4,53.6,,,,,,,,37.4,,,,,0,,,,,,,,,,,,,,,,,,,,,,,,,,,,,,,,,,,,,,,,,,,,,,,,,,,,,,,,,,,,,,,,,,,,,,,,,,,,,,,,,,,,,,,,,,,,,,,,,,,,,,
22:52:00.910,14.1,-12.4,696.4,,0,0,30.2,,46.4,39.2,39.2,46.4,41,44.6,41,-8.63536,,,11240.872777777779,40467142,0,0,4.83611111111111,3.86888888888889,3.62708333333333,,24872.4,24649.5,18333.8,17777.3,,0,0,0,697,2424,3.62,102,3.62,17,0,11240.8727777778,0,37.5,,,,,,,,,,,,,,,,,,,,,,,,,,,,,,,,,,,,,,,,,,,,,,,,,,,,,,,,,,,,,,,,,,,,,,,,,,,,,,,,,,-0.16975122406072837,-0.1680705188720083,,-0.004861524178600001,-8.63536,,,
22:52:00.996,,,,,,,,,,,,,,,,,,,,,,,,,,,,,,,,,,,,,,,,,,,,,43.7,43.7,,,,,,,57.2,,,,,,,,,,,,,,,,,,,,,,,,,,,,,,,,,,,,,,,,,,,,,,,,,,,,,,,,,,,,,,,,,,,,,,,,,,,,,,,,
22:52:01.567,,,,,,,,,,,,,,,,,,,,,,,,,,,,,,,,,,,,,,,,,,,,,,,,,,,,,,,,,,,,,,,,,,,,,,,,,,,,,,,,,,,,,,,,,,,,,,,,,,,,,,,,,,,,,,,,,,,,,0,14.4907908,0,,,,,,,,,,,,,,
22:52:01.844,,,,,,,,,,,,,,,,,,,,,,,,,,,,,,,,,,,,,,,,,,,,,,,,,,,,,,,,,,,,,,,,,,,,,,,,,,,,,,,,,0,0,,,,,55.400000000000006,1,,,0,,,,,,,42.8,42.8,,,,,,,,,,,,,,,,,,,,,,,,,,,,,,,,,,
22:52:02.011,,,,,,,,,,,,,,,,,,,,,,,,,,,,,,,,,,,,,,,,,,,,,,,,,,,,,,,,,,,,,,,,,,,,,,,,,,,,,,,,,,,,,,,,,,,,,,,,,,,,,,-50,0,0,0,0,400,0,0,0,0,,,,,,,,,,0,,,,,,,,,,0,,
22:52:02.256,,,,,,,,,,,,,,,,,,,,,,,,,,,,,,,,,,,,,,,,,,,,,,,,,,,,,,,,,,,,,,,,,,,,,,,,,,,,,,,,,,,4,899,2841,1,,,36.4,825.6,,66.7,5.800000000000001,13,0,41,0,,,350,825.6,,,,,,,,,,,0,0,35.5,696.5,1.492,,,,,,,,,,,,,,,,,
22:52:02.591,,,,,,,,,,,,,,,,,,,,,,,,,,,,,,,,,,,,,,,,,,,,,,,,,,,,,,,,,,,,,,,,,19.56,19.830000000000002,60,2.93,2.88,39.39,240.8,0,6.48,6.48,12.950000000000001,695.7,71.6,55.400000000000006,,,,,,,,,,,,,,,,,,,,,,,,,,,,,,,,,,,,,,,,,,,,,,,,,,,,,,,
22:52:02.727,,,,0,,,,23,,,,,,,,,37.4,53.6,,,,,,,,37.4,,,,,0,,,,,,,,,,,,,,,,,,,,,,,,,,,,,,,,,,,,,,,,,,,,,,,,,,,,,,,,,,,,,,,,,,,,,,,,,,,,,,,,,,,,,,,,,,,,,,,,,,,,,,
22:52:02.869,14.1,-12.4,696.5,,0,0,30.2,,46.4,39.2,39.2,46.4,41,44.6,41,-8.6366,,,11240.873333333333,40467144,0,0,4.83680555555556,3.86944444444444,3.62760416666667,,24872.4,24649.5,18333.8,17777.3,,0,0,0,697,2426,3.62,6,3.62,17,0,11240.8733333333,0,37.5,,,,,,,,,,,,,,,,,,,,,,,,,,,,,,,,,,,,,,,,,,,,,,,,,,,,,,,,,,,,,,,,,,,,,,,,,,,,,,,,,,-0.17449699127024312,-0.17276929828736942,,-0.004698779415361111,-8.6366,,,
22:52:03.560,,,,,,,,,,,,,,,,,,,,,,,,,,,,,,,,,,,,,,,,,,,,,,,,,,,,,,,,,,,,,,,,,,,,,,,,,,,,,,,,,,,,,,,,,,,,,,,,,,,,,,,,,,,,,,,,,,,,,0,14.4907908,0,,,,,,,,,,,,,,
22:52:03.807,,,,,,,,,,,,,,,,,,,,,,,,,,,,,,,,,,,,,,,,,,,,,,,,,,,,,,,,,,,,,,,,,,,,,,,,,,,,,,,,,0,0,,,,,57.2,1,,,0,,,,,,,42.8,42.8,,,,,,,,,,,,,,,,,,,,,,,,,,,,,,,,,,
22:52:03.987,,,,,,,,,,,,,,,,,,,,,,,,,,,,,,,,,,,,,,,,,,,,,,,,,,,,,,,,,,,,,,,,,,,,,,,,,,,,,,,,,,,,,,,,,,,,,,,,,,,,,,-50,0,0,0,0,400,0,0,0,0,,,,,,,,,,0,,,,,,,,,,0,,
22:52:04.231,,,,,,,,,,,,,,,,,,,,,,,,,,,,,,,,,,,,,,,,,,,,,,,,,,,,,,,,,,,,,,,,,,,,,,,,,,,,,,,,,,,4,899,2841,1,,,36.4,825.6,,66.7,5.800000000000001,13,0,41,0,,,350,825.6,,,,,,,,,,,0,0,35.5,696.5,1.491,,,,,,,,,,,,,,,,,
22:52:04.567,,,,,,,,,,,,,,,,,,,,,,,,,,,,,,,,,,,,,,,,,,,,,,,,,,,,,,,,,,,,,,,,,19.57,19.82,60,2.87,2.86,39.39,240.8,0,6.47,6.47,12.94,694.6,73.4,55.400000000000006,,,,,,,,,,,,,,,,,,,,,,,,,,,,,,,,,,,,,,,,,,,,,,,,,,,,,,,
22:52:04.751,,,,0,,,,23,,,,,,,,,37.4,53.6,,,,,,,,37.4,,,,,0,,,,,,,,,,,,,,,,,,,,,,,,,,,,,,,,,,,,,,,,,,,,,,,,,,,,,,,,,,,,,,,,,,,,,,,,,,,,,,,,,,,,,,,,,,,,,,,,,,,,,,
22:52:04.887,14.1,-12.4,696.5,,0,0,30.2,,46.4,39.2,39.2,46.4,41,44.6,41,-8.6366,,,11240.87388888889,40467146,0,0,4.83680555555556,3.86944444444444,3.62760416666667,,24872.4,24649.5,18333.8,17777.3,,0,0,0,697,2426,3.62,67,3.62,17,0,11240.8738888889,0,37.5,,,,,,,,,,,,,,,,,,,,,,,,,,,,,,,,,,,,,,,,,,,,,,,,,,,,,,,,,,,,,,,,,,,,,,,,,,,,,,,,,,-0.17938776737040957,-0.17761165086179165,,-0.004842352574422222,-8.6366,,,
22:52:05.029,,,,,,,,,,,,,,,,,,,,,,,,,,,,,,,,,,,,,,,,,,,,,43.7,43.7,,,,,,,57.2,,,,,,,,,,,,,,,,,,,,,,,,,,,,,,,,,,,,,,,,,,,,,,,,,,,,,,,,,,,,,,,,,,,,,,,,,,,,,,,,
22:52:05.077,,,,,,,,,,,,,,,,,,,,,,,,,,,,,,,,,,,,,,,,,,,,,,,32.9,49,69.80000000000001,87.80000000000001,91.4,69.80000000000001,,30.2,30.2,0,,,,,,,,,,,,,,,,,,,,,,,,,,,,,,,,,,,,,,,,,,,,,,,,,,,,,,,,,,,,,,,,,,,,,,,,,,,,0,
22:52:05.743,,,,,,,,,,,,,,,,,,,,,,,,,,,,,,,,,,,,,,,,,,,,,,,,,,,,,,,,,,,,,,,,,,,,,,,,,,,,,,,,,,,,,,,,,,,,,,,,,,,,,,,,,,,,,,,,,,,,,0,14.4907908,0,,,,,,,,,,,,,,
22:52:05.975,,,,,,,,,,,,,,,,,,,,,,,,,,,,,,,,,,,,,,,,,,,,,,,,,,,,,,,,,,,,,,,,,,,,,,,,,,,,,,,,,0,0,,,,,57.2,1,,,0,,,,,,,42.8,42.8,,,,,,,,,,,,,,,,,,,,,,,,,,,,,,,,,,
22:52:06.158,,,,,,,,,,,,,,,,,,,,,,,,,,,,,,,,,,,,,,,,,,,,,,,,,,,,,,,,,,,,,,,,,,,,,,,,,,,,,,,,,,,,,,,,,,,,,,,,,,,,,,-50,0,0,0,0,400,0,0,0,0,,,,,,,,,,0,,,,,,,,,,0,,
22:52:06.420,,,,,,,,,,,,,,,,,,,,,,,,,,,,,,,,,,,,,,,,,,,,,,,,,,,,,,,,,,,,,,,,,,,,,,,,,,,,,,,,,,,4,899,2841,1,,,36.4,825.6,,66.7,5.800000000000001,13,0,41,0,,,350,825.6,,,,,,,,,,,0,0,35.5,696.5,1.491,,,,,,,,,,,,,,,,,
22:52:06.772,,,,,,,,,,,,,,,,,,,,,,,,,,,,,,,,,,,,,,,,,,,,,,,,,,,,,,,,,,,,,,,,,19.56,19.82,60,2.18,2.18,39.38,240.8,0,6.47,6.47,12.94,695.1,73.4,55.400000000000006,,,,,,,,,,,,,,,,,,,,,,,,,,,,,,,,,,,,,,,,,,,,,,,,,,,,,,,
22:52:06.931,,,,0,,,,23,,,,,,,,,37.4,53.6,,,,,,,,37.4,,,,,0,,,,,,,,,,,,,,,,,,,,,,,,,,,,,,,,,,,,,,,,,,,,,,,,,,,,,,,,,,,,,,,,,,,,,,,,,,,,,,,,,,,,,,,,,,,,,,,,,,,,,,
22:52:07.060,14.1,-12.4,696.6,,0,0,30.2,,46.4,39.2,39.2,46.4,41,44.6,41,-8.63784,,,11240.874444444444,40467148,0,0,4.8375,3.87,3.628125,,24872.4,24649.5,18333.8,17777.3,,0,0,0,697,2426,3.62,55,3.62,17,0,11240.8744444444,0,37.5,,,,,,,,,,,,,,,,,,,,,,,,,,,,,,,,,,,,,,,,,,,,,,,,,,,,,,,,,,,,,,,,,,,,,,,,,,,,,,,,,,-0.18465390601133336,-0.18282564951617164,0,-0.005213998654380001,-8.63784,,,
22:52:07.149,,,,,,,,,,,,,,,,,,,,,,,,,,,,,,,,,,,,,,,,,,,,,43.7,43.7,,,,,,,57.2,,,,,,,,,,,,,,,,,,,,,,,,,,,,,,,,,,,,,,,,,,,,,,,,,,,,,,,,,,,,,,,,,,,,,,,,,,,,,,,,
22:52:07.188,,,,,,,,,,,,,,,,,,,,,,,,,,,,,,,,,,,,,,,,,,,,,,,32.9,49,69.80000000000001,87.80000000000001,91.4,69.80000000000001,,30.2,30.2,0,,,,,,,,,,,,,,,,,,,,,,,,,,,,,,,,,,,,,,,,,,,,,,,,,,,,,,,,,,,,,,,,0,,0,4.674669927622683,20.55642174699753,20.38883917919351,,,,,,,0,
22:52:08.205,,,,,,,,,,,,,,,,,,,,,,,,,,,,,,,,,,,,,,,,,,,,,,,,,,,,,,,,,,,,,,,,,,,,,,,,,,,,,,,,,,,,,,,,,,,,,,,,,,,,,,,,,,,,,,,,,,,,,0,14.4907908,0,,,,,,,,,,,,,,
22:52:08.487,,,,,,,,,,,,,,,,,,,,,,,,,,,,,,,,,,,,,,,,,,,,,,,,,,,,,,,,,,,,,,,,,,,,,,,,,,,,,,,,,0,0,,,,,57.2,1,,,0,,,,,,,42.8,42.8,,,,,,,,,,,,,,,,,,,,,,,,,,,,,,,,,,
22:52:08.647,,,,,,,,,,,,,,,,,,,,,,,,,,,,,,,,,,,,,,,,,,,,,,,,,,,,,,,,,,,,,,,,,,,,,,,,,,,,,,,,,,,,,,,,,,,,,,,,,,,,,,-50,0,0,0,0,400,0,0,0,0,,,,,,,,,,0,,,,,,,,,,0,,
22:52:08.891,,,,,,,,,,,,,,,,,,,,,,,,,,,,,,,,,,,,,,,,,,,,,,,,,,,,,,,,,,,,,,,,,,,,,,,,,,,,,,,,,,,4,899,2841,1,,,36.4,825.6,,66.7,5.800000000000001,13,0,41,0,,,350,825.6,,,,,,,,,,,0,0,35.5,696.6,1.491,,,,,,,,,,,,,,,,,
22:52:09.239,,,,,,,,,,,,,,,,,,,,,,,,,,,,,,,,,,,,,,,,,,,,,,,,,,,,,,,,,,,,,,,,,19.57,19.830000000000002,60,2.5500000000000003,2.52,39.4,240.8,0,6.46,6.45,12.91,694.9000000000001,75.2,55.400000000000006,,,,,,,,,,,,,,,,,,,,,,,,,,,,,,,,,,,,,,,,,,,,,,,,,,,,,,,
22:52:09.390,,,,0,,,,23,,,,,,,,,37.4,53.6,,,,,,,,37.4,,,,,0,,,,,,,,,,,,,,,,,,,,,,,,,,,,,,,,,,,,,,,,,,,,,,,,,,,,,,,,,,,,,,,,,,,,,,,,,,,,,,,,,,,,,,,,,,,,,,,,,,,,,,
22:52:09.528,14.1,-12.4,696.6,,0,0,30.2,,46.4,39.2,39.2,46.4,41,44.6,41,-8.63784,,,11240.875,40467150,0,0,4.8375,3.87,3.628125,,24872.4,24649.5,18333.8,17777.3,,0,0,0,697,2426,3.62,4,3.62,17,0,11240.875,0,37.5,,,,,,,,,,,,,,,,,,,,,,,,,,,,,,,,,,,,,,,,,,,,,,,,,,,,,,,,,,,,,,,,,,,,,,,,,,,,,,,,,,-0.19063302025338477,-0.18874556460731165,0,-0.0059199150911400005,-8.63784,,,
22:52:09.746,,,,,,,,,,,,,,,,,,,,,,,,,,,,,,,,,,,,,,,,,,,,,,,32.9,49,69.80000000000001,87.80000000000001,91.4,69.80000000000001,,30.2,30.2,0,,,,,,,,,,,,,,,,,,,,,,,,,,,,,,,,,,,,,,,,,,,,,,,,,,,,,,,,,,,,,,,,0,,0,4.674669927622683,20.55642174699753,20.38883917919351,,,,,,,0,
22:52:10.304,,,,,,,,,,,,,,,,,,,,,,,,,,,,,,,,,,,,,,,,,,,,,,,,,,,,,,,,,,,,,,,,,,,,,,,,,,,,,,,,,,,,,,,,,,,,,,,,,,,,,,,,,,,,,,,,,,,,,0,14.4907908,0,,,,,,,,,,,,,,
22:52:10.547,,,,,,,,,,,,,,,,,,,,,,,,,,,,,,,,,,,,,,,,,,,,,,,,,,,,,,,,,,,,,,,,,,,,,,,,,,,,,,,,,0,0,,,,,57.2,1,,,0,,,,,,,42.8,42.8,,,,,,,,,,,,,,,,,,,,,,,,,,,,,,,,,,
22:52:10.701,,,,,,,,,,,,,,,,,,,,,,,,,,,,,,,,,,,,,,,,,,,,,,,,,,,,,,,,,,,,,,,,,,,,,,,,,,,,,,,,,,,,,,,,,,,,,,,,,,,,,,-50,0,0,0,0,400,0,0,0,0,,,,,,,,,,0,,,,,,,,,,0,,
22:52:10.951,,,,,,,,,,,,,,,,,,,,,,,,,,,,,,,,,,,,,,,,,,,,,,,,,,,,,,,,,,,,,,,,,,,,,,,,,,,,,,,,,,,4,899,2841,1,,,36.4,825.6,,66.7,5.800000000000001,13,0,41,0,,,350,825.6,,,,,,,,,,,0,0,35.5,696.6,1.492,,,,,,,,,,,,,,,,,
22:52:11.296,,,,,,,,,,,,,,,,,,,,,,,,,,,,,,,,,,,,,,,,,,,,,,,,,,,,,,,,,,,,,,,,,19.57,19.830000000000002,60,2.06,2.04,39.4,240.9,0,6.46,6.46,12.92,695.7,75.2,57.2,,,,,,,,,,,,,,,,,,,,,,,,,,,,,,,,,,,,,,,,,,,,,,,,,,,,,,,
22:52:11.436,,,,0,,,,23,,,,,,,,,37.4,53.6,,,,,,,,37.4,,,,,0,,,,,,,,,,,,,,,,,,,,,,,,,,,,,,,,,,,,,,,,,,,,,,,,,,,,,,,,,,,,,,,,,,,,,,,,,,,,,,,,,,,,,,,,,,,,,,,,,,,,,,
22:52:11.571,14.1,-12.4,696.6,,0,0,30.2,,46.4,39.2,39.2,46.4,41,44.6,41,-8.63784,,,11240.875555555556,40467152,0,0,4.8375,3.87,3.628125,,24872.4,24649.5,18333.8,17777.3,,0,0,0,697,2426,3.62,28,3.62,17,0,11240.8755555556,0,37.5,,,,,,,,,,,,,,,,,,,,,,,,,,,,,,,,,,,,,,,,,,,,,,,,,,,,,,,,,,,,,,,,,,,,,,,,,,,,,,,,,,-0.19558361675876876,-0.19364714530571164,0,-0.0049015806984,-8.63784,,,
22:52:12.287,,,,,,,,,,,,,,,,,,,,,,,,,,,,,,,,,,,,,,,,,,,,,,,,,,,,,,,,,,,,,,,,,,,,,,,,,,,,,,,,,,,,,,,,,,,,,,,,,,,,,,,,,,,,,,,,,,,,,0,14.4907908,0,,,,,,,,,,,,,,
22:52:12.504,,,,,,,,,,,,,,,,,,,,,,,,,,,,,,,,,,,,,,,,,,,,,,,,,,,,,,,,,,,,,,,,,,,,,,,,,,,,,,,,,0,0,,,,,57.2,1,,,0,,,,,,,42.8,42.8,,,,,,,,,,,,,,,,,,,,,,,,,,,,,,,,,,
22:52:12.654,,,,,,,,,,,,,,,,,,,,,,,,,,,,,,,,,,,,,,,,,,,,,,,,,,,,,,,,,,,,,,,,,,,,,,,,,,,,,,,,,,,,,,,,,,,,,,,,,,,,,,-50,0,0,0,0,400,0,0,0,0,,,,,,,,,,0,,,,,,,,,,0,,
22:52:12.895,,,,,,,,,,,,,,,,,,,,,,,,,,,,,,,,,,,,,,,,,,,,,,,,,,,,,,,,,,,,,,,,,,,,,,,,,,,,,,,,,,,4,899,2841,1,,,36.4,825.6,,66.7,5.800000000000001,13,0,41,0,,,350,825.6,,,,,,,,,,,0,0,35.5,696.6,1.491,,,,,,,,,,,,,,,,,
22:52:13.260,,,,,,,,,,,,,,,,,,,,,,,,,,,,,,,,,,,,,,,,,,,,,,,,,,,,,,,,,,,,,,,,,19.55,19.82,60,2.98,2.98,39.37,240.8,0,6.47,6.47,12.94,694.9000000000001,75.2,57.2,,,,,,,,,,,,,,,,,,,,,,,,,,,,,,,,,,,,,,,,,,,,,,,,,,,,,,,
22:52:13.455,,,,0,,,,23,,,,,,,,,37.4,53.6,,,,,,,,37.4,,,,,0,,,,,,,,,,,,,,,,,,,,,,,,,,,,,,,,,,,,,,,,,,,,,,,,,,,,,,,,,,,,,,,,,,,,,,,,,,,,,,,,,,,,,,,,,,,,,,,,,,,,,,
22:52:13.590,14.1,-12.4,696.7,,0,0,30.2,,46.4,39.2,39.2,46.4,41,44.6,41,-8.63908,,,11240.87611111111,40467154,0,0,4.83819444444444,3.87055555555556,3.62864583333333,,24872.4,24649.5,18333.8,17777.3,,0,0,0,697,2424,3.62,4,3.62,3,0,11240.8761111111,0,37.5,,,,,,,,,,,,,,,,,,,,,,,,,,,,,,,,,,,,,,,,,,,,,,,,,,,,,,,,,,,,,,,,,,,,,,,,,,,,,,,,,,-0.20047935263244474,-0.19849440854697498,0,-0.004847263241263333,-8.63908,,,
22:52:13.683,,,,,,,,,,,,,,,,,,,,,,,,,,,,,,,,,,,,,,,,,,,,,43.7,43.7,,,,,,,57.2,,,,,,,,,,,,,,,,,,,,,,,,,,,,,,,,,,,,,,,,,,,,,,,,,,,,,,,,,,,,,,,,,,,,,,,,,,,,,,,,
22:52:14.254,,,,,,,,,,,,,,,,,,,,,,,,,,,,,,,,,,,,,,,,,,,,,,,,,,,,,,,,,,,,,,,,,,,,,,,,,,,,,,,,,,,,,,,,,,,,,,,,,,,,,,,,,,,,,,,,,,,,,0,14.4907908,0,,,,,,,,,,,,,,
22:52:14.484,,,,,,,,,,,,,,,,,,,,,,,,,,,,,,,,,,,,,,,,,,,,,,,,,,,,,,,,,,,,,,,,,,,,,,,,,,,,,,,,,0,0,,,,,59,1,,,0,,,,,,,42.8,42.8,,,,,,,,,,,,,,,,,,,,,,,,,,,,,,,,,,
22:52:14.634,,,,,,,,,,,,,,,,,,,,,,,,,,,,,,,,,,,,,,,,,,,,,,,,,,,,,,,,,,,,,,,,,,,,,,,,,,,,,,,,,,,,,,,,,,,,,,,,,,,,,,-50,0,0,0,0,400,0,0,0,0,,,,,,,,,,0,,,,,,,,,,0,,
22:52:14.871,,,,,,,,,,,,,,,,,,,,,,,,,,,,,,,,,,,,,,,,,,,,,,,,,,,,,,,,,,,,,,,,,,,,,,,,,,,,,,,,,,,4,899,2841,1,,,36.4,825.6,,66.7,5.800000000000001,13,0,41,0,,,350,825.6,,,,,,,,,,,0,0,35.5,696.7,1.492,,,,,,,,,,,,,,,,,
22:52:15.180,,,,,,,,,,,,,,,,,,,,,,,,,,,,,,,,,,,,,,,,,,,,,,,,,,,,,,,,,,,,,,,,,19.53,19.8,60,2.0100000000000002,1.98,39.33,240.9,0,6.46,6.46,12.93,695,77,57.2,,,,,,,,,,,,,,,,,,,,,,,,,,,,,,,,,,,,,,,,,,,,,,,,,,,,,,,
22:52:15.328,,,,0,,,,23,,,,,,,,,37.4,53.6,,,,,,,,37.4,,,,,0,,,,,,,,,,,,,,,,,,,,,,,,,,,,,,,,,,,,,,,,,,,,,,,,,,,,,,,,,,,,,,,,,,,,,,,,,,,,,,,,,,,,,,,,,,,,,,,,,,,,,,
22:52:15.460,14.1,-12.4,696.7,,0,0,30.2,,46.4,39.2,39.2,46.4,41,44.6,41,-8.63908,,,11240.876666666667,40467156,0,0,4.83819444444444,3.87055555555556,3.62864583333333,,24872.4,24649.5,18333.8,17777.3,,0,0,0,697,2424,3.62,4,3.62,17,0,11240.8766666667,0,37.5,,,,,,,,,,,,,,,,,,,,,,,,,,,,,,,,,,,,,,,,,,,,,,,,,,,,,,,,,,,,,,,,,,,,,,,,,,,,,,,,,,-0.20501132653695894,-0.20298151142273163,,-0.004487102875756667,-8.63908,,,
22:52:16.186,,,,,,,,,,,,,,,,,,,,,,,,,,,,,,,,,,,,,,,,,,,,,,,,,,,,,,,,,,,,,,,,,,,,,,,,,,,,,,,,,,,,,,,,,,,,,,,,,,,,,,,,,,,,,,,,,,,,,0,14.4907908,0,,,,,,,,,,,,,,
22:52:16.423,,,,,,,,,,,,,,,,,,,,,,,,,,,,,,,,,,,,,,,,,,,,,,,,,,,,,,,,,,,,,,,,,,,,,,,,,,,,,,,,,0,0,,,,,59,1,,,0,,,,,,,42.8,42.8,,,,,,,,,,,,,,,,,,,,,,,,,,,,,,,,,,
22:52:16.598,,,,,,,,,,,,,,,,,,,,,,,,,,,,,,,,,,,,,,,,,,,,,,,,,,,,,,,,,,,,,,,,,,,,,,,,,,,,,,,,,,,,,,,,,,,,,,,,,,,,,,-50,0,0,0,0,400,0,0,0,0,,,,,,,,,,0,,,,,,,,,,0,,
22:52:16.836,,,,,,,,,,,,,,,,,,,,,,,,,,,,,,,,,,,,,,,,,,,,,,,,,,,,,,,,,,,,,,,,,,,,,,,,,,,,,,,,,,,4,899,2841,1,,,36.4,825.6,,66.7,5.800000000000001,13,0,41,0,,,350,825.6,,,,,,,,,,,0,0,35.5,696.7,1.492,,,,,,,,,,,,,,,,,
22:52:17.186,,,,,,,,,,,,,,,,,,,,,,,,,,,,,,,,,,,,,,,,,,,,,,,,,,,,,,,,,,,,,,,,,19.57,19.85,60,2.68,2.62,39.42,241,0,6.46,6.47,12.92,694.7,77,57.2,,,,,,,,,,,,,,,,,,,,,,,,,,,,,,,,,,,,,,,,,,,,,,,,,,,,,,,
22:52:17.339,,,,0,,,,23,,,,,,,,,37.4,53.6,,,,,,,,37.4,,,,,0,,,,,,,,,,,,,,,,,,,,,,,,,,,,,,,,,,,,,,,,,,,,,,,,,,,,,,,,,,,,,,,,,,,,,,,,,,,,,,,,,,,,,,,,,,,,,,,,,,,,,,
22:52:17.465,14.1,-12.4,696.7,,0,0,30.2,,46.4,39.2,39.2,46.4,41,44.6,41,-8.63908,,,11240.877222222221,40467158,0,0,4.83819444444444,3.87055555555556,3.62864583333333,,24872.4,24649.5,18333.8,17777.3,,0,0,0,697,2424,3.62,6,3.62,1,0,11240.8772222222,0,37.5,,,,,,,,,,,,,,,,,,,,,,,,,,,,,,,,,,,,,,,,,,,,,,,,,,,,,,,,,,,,,,,,,,,,,,,,,,,,,,,,,,-0.20987079184039029,-0.2077928632083072,,-0.004811351785575555,-8.63908,,,
22:52:17.554,,,,,,,,,,,,,,,,,,,,,,,,,,,,,,,,,,,,,,,,,,,,,43.7,43.7,,,,,,,57.2,,,,,,,,,,,,,,,,,,,,,,,,,,,,,,,,,,,,,,,,,,,,,,,,,,,,,,,,,,,,,,,,,,,,,,,,,,,,,,,,
22:52:17.600,,,,,,,,,,,,,,,,,,,,,,,,,,,,,,,,,,,,,,,,,,,,,,,32.9,49,69.80000000000001,86.9,91.4,69.80000000000001,,30.2,30.2,0,,,,,,,,,,,,,,,,,,,,,,,,,,,,,,,,,,,,,,,,,,,,,,,,,,,,,,,,,,,,,,,,0,,0,4.674669927622683,20.55642174699753,20.38883917919351,,,,,,,0,
22:52:18.215,,,,,,,,,,,,,,,,,,,,,,,,,,,,,,,,,,,,,,,,,,,,,,,,,,,,,,,,,,,,,,,,,,,,,,,,,,,,,,,,,,,,,,,,,,,,,,,,,,,,,,,,,,,,,,,,,,,,,0,14.4907908,0,,,,,,,,,,,,,,
22:52:18.487,,,,,,,,,,,,,,,,,,,,,,,,,,,,,,,,,,,,,,,,,,,,,,,,,,,,,,,,,,,,,,,,,,,,,,,,,,,,,,,,,0,0,,,,,59,1,,,0,,,,,,,42.8,42.8,,,,,,,,,,,,,,,,,,,,,,,,,,,,,,,,,,
22:52:18.655,,,,,,,,,,,,,,,,,,,,,,,,,,,,,,,,,,,,,,,,,,,,,,,,,,,,,,,,,,,,,,,,,,,,,,,,,,,,,,,,,,,,,,,,,,,,,,,,,,,,,,-50,0,0,0,0,400,0,0,0,0,,,,,,,,,,0,,,,,,,,,,0,,
22:52:18.930,,,,,,,,,,,,,,,,,,,,,,,,,,,,,,,,,,,,,,,,,,,,,,,,,,,,,,,,,,,,,,,,,,,,,,,,,,,,,,,,,,,4,899,2841,1,,,36.4,825.6,,66.7,5.800000000000001,13,0,41,0,,,350,825.6,,,,,,,,,,,0,0,35.5,696.7,1.49,,,,,,,,,,,,,,,,,
22:52:19.255,,,,,,,,,,,,,,,,,,,,,,,,,,,,,,,,,,,,,,,,,,,,,,,,,,,,,,,,,,,,,,,,,19.56,19.82,60,2.48,2.49,39.39,241.10000000000002,0,6.47,6.47,12.94,695.6,77,57.2,,,,,,,,,,,,,,,,,,,,,,,,,,,,,,,,,,,,,,,,,,,,,,,,,,,,,,,
22:52:19.386,,,,0,,,,23,,,,,,,,,37.4,53.6,,,,,,,,37.4,,,,,0,,,,,,,,,,,,,,,,,,,,,,,,,,,,,,,,,,,,,,,,,,,,,,,,,,,,,,,,,,,,,,,,,,,,,,,,,,,,,,,,,,,,,,,,,,,,,,,,,,,,,,
22:52:19.511,14.1,-12.4,696.7,,0,0,30.2,,46.4,39.2,39.2,46.4,41,44.6,41,-8.63908,,,11240.877777777778,40467160,0,0,4.83819444444444,3.87055555555556,3.62864583333333,,24872.4,24649.5,18333.8,17777.3,,0,0,0,697,2424,3.62,4,3.62,17,0,11240.8777777778,0,37.5,,,,,,,,,,,,,,,,,,,,,,,,,,,,,,,,,,,,,,,,,,,,,,,,,,,,,,,,,,,,,,,,,,,,,,,,,,,,,,,,,,-0.21482812469043044,-0.21270111355488164,0,-0.004908250346574444,-8.63908,,,
22:52:19.596,,,,,,,,,,,,,,,,,,,,,,,,,,,,,,,,,,,,,,,,,,,,,43.7,43.7,,,,,,,57.2,,,,,,,,,,,,,,,,,,,,,,,,,,,,,,,,,,,,,,,,,,,,,,,,,,,,,,,,,,,,,,,,,,,,,,,,,,,,,,,,
22:52:19.663,,,,,,,,,,,,,,,,,,,,,,,,,,,,,,,,,,,,,,,,,,,,,,,32.9,49,69.80000000000001,86.9,91.4,69.80000000000001,,30.2,30.2,0,,,,,,,,,,,,,,,,,,,,,,,,,,,,,,,,,,,,,,,,,,,,,,,,,,,,,,,,,,,,,,,,0,,0,4.674669927622683,20.55642174699753,20.38883917919351,,,,,,,0,
22:52:20.234,,,,,,,,,,,,,,,,,,,,,,,,,,,,,,,,,,,,,,,,,,,,,,,,,,,,,,,,,,,,,,,,,,,,,,,,,,,,,,,,,,,,,,,,,,,,,,,,,,,,,,,,,,,,,,,,,,,,,0,14.4907908,0,,,,,,,,,,,,,,
22:52:20.467,,,,,,,,,,,,,,,,,,,,,,,,,,,,,,,,,,,,,,,,,,,,,,,,,,,,,,,,,,,,,,,,,,,,,,,,,,,,,,,,,0,0,,,,,59,1,,,0,,,,,,,42.8,42.8,,,,,,,,,,,,,,,,,,,,,,,,,,,,,,,,,,
22:52:20.682,,,,,,,,,,,,,,,,,,,,,,,,,,,,,,,,,,,,,,,,,,,,,,,,,,,,,,,,,,,,,,,,,,,,,,,,,,,,,,,,,,,,,,,,,,,,,,,,,,,,,,-50,0,0,0,0,400,0,0,0,0,,,,,,,,,,0,,,,,,,,,,0,,
22:52:20.971,,,,,,,,,,,,,,,,,,,,,,,,,,,,,,,,,,,,,,,,,,,,,,,,,,,,,,,,,,,,,,,,,,,,,,,,,,,,,,,,,,,4,899,2841,1,,,36.4,825.6,,66.7,5.800000000000001,13,0,41,0,,,350,825.6,,,,,,,,,,,0,0,35.5,696.7,1.491,,,,,,,,,,,,,,,,,
22:52:21.315,,,,,,,,,,,,,,,,,,,,,,,,,,,,,,,,,,,,,,,,,,,,,,,,,,,,,,,,,,,,,,,,,19.580000000000002,19.82,60,2.38,2.37,39.4,240.9,0,6.46,6.46,12.92,695.5,78.80000000000001,59,,,,,,,,,,,,,,,,,,,,,,,,,,,,,,,,,,,,,,,,,,,,,,,,,,,,,,,
22:52:21.507,,,,0,,,,23,,,,,,,,,37.4,53.6,,,,,,,,37.4,,,,,0,,,,,,,,,,,,,,,,,,,,,,,,,,,,,,,,,,,,,,,,,,,,,,,,,,,,,,,,,,,,,,,,,,,,,,,,,,,,,,,,,,,,,,,,,,,,,,,,,,,,,,
22:52:21.640,14.1,-12.3,696.8,,0,0,30.2,,46.4,39.2,39.2,46.4,41,44.6,41,-8.57064,,,11240.878333333334,40467162,0,0,4.83888888888889,3.87111111111111,3.62916666666667,,24872.4,24649.5,18333.8,17777.3,,0,0,0,697,2425,3.62,102,3.62,17,0,11240.8783333333,0,37.5,,,,,,,,,,,,,,,,,,,,,,,,,,,,,,,,,,,,,,,,,,,,,,,,,,,,,,,,,,,,,,,,,,,,,,,,,,,,,,,,,,-0.21994836104010654,-0.21777065449515498,0,-0.005069540940273333,-8.57064,,,
22:52:21.748,,,,,,,,,,,,,,,,,,,,,,,,,,,,,,,,,,,,,,,,,,,,,43.7,43.7,,,,,,,57.2,,,,,,,,,,,,,,,,,,,,,,,,,,,,,,,,,,,,,,,,,,,,,,,,,,,,,,,,,,,,,,,,,,,,,,,,,,,,,,,,
22:52:21.801,,,,,,,,,,,,,,,,,,,,,,,,,,,,,,,,,,,,,,,,,,,,,,,32.9,49,69.80000000000001,86.9,91.4,69.80000000000001,,30.2,30.2,0,,,,,,,,,,,,,,,,,,,,,,,,,,,,,,,,,,,,,,,,,,,,,,,,,,,,,,,,,,,,,,,,0,,0,4.674669927622683,20.55642174699753,20.38883917919351,,,,,,,0,
22:52:22.371,,,,,,,,,,,,,,,,,,,,,,,,,,,,,,,,,,,,,,,,,,,,,,,,,,,,,,,,,,,,,,,,,,,,,,,,,,,,,,,,,,,,,,,,,,,,,,,,,,,,,,,,,,,,,,,,,,,,,0,14.4907908,0,,,,,,,,,,,,,,
22:52:22.607,,,,,,,,,,,,,,,,,,,,,,,,,,,,,,,,,,,,,,,,,,,,,,,,,,,,,,,,,,,,,,,,,,,,,,,,,,,,,,,,,0,0,,,,,60.8,1,,,0,,,,,,,42.8,42.8,,,,,,,,,,,,,,,,,,,,,,,,,,,,,,,,,,
22:52:22.783,,,,,,,,,,,,,,,,,,,,,,,,,,,,,,,,,,,,,,,,,,,,,,,,,,,,,,,,,,,,,,,,,,,,,,,,,,,,,,,,,,,,,,,,,,,,,,,,,,,,,,-50,0,0,0,0,400,0,0,0,0,,,,,,,,,,0,,,,,,,,,,0,,
22:52:23.034,,,,,,,,,,,,,,,,,,,,,,,,,,,,,,,,,,,,,,,,,,,,,,,,,,,,,,,,,,,,,,,,,,,,,,,,,,,,,,,,,,,4,899,2841,1,,,36.4,825.6,,66.7,5.800000000000001,13,0,41,0,,,350,825.6,,,,,,,,,,,0,0,35.5,696.8000000000001,1.49,,,,,,,,,,,,,,,,,
22:52:23.346,,,,,,,,,,,,,,,,,,,,,,,,,,,,,,,,,,,,,,,,,,,,,,,,,,,,,,,,,,,,,,,,,19.580000000000002,19.830000000000002,60,2.42,2.43,39.4,240.9,0,6.46,6.45,12.92,694.9000000000001,78.80000000000001,59,,,,,,,,,,,,,,,,,,,,,,,,,,,,,,,,,,,,,,,,,,,,,,,,,,,,,,,
22:52:23.487,,,,0,,,,23,,,,,,,,,37.4,53.6,,,,,,,,37.4,,,,,0,,,,,,,,,,,,,,,,,,,,,,,,,,,,,,,,,,,,,,,,,,,,,,,,,,,,,,,,,,,,,,,,,,,,,,,,,,,,,,,,,,,,,,,,,,,,,,,,,,,,,,
22:52:23.614,14.1,-12.3,696.8,,0,0,30.2,,46.4,39.2,39.2,46.4,41,44.6,41,-8.57064,,,11240.878888888888,40467164,0,0,4.83888888888889,3.87111111111111,3.62916666666667,,24872.4,24649.5,18333.8,17777.3,,0,0,0,697,2425,3.62,102,3.62,17,0,11240.8788888889,0,37.5,,,,,,,,,,,,,,,,,,,,,,,,,,,,,,,,,,,,,,,,,,,,,,,,,,,,,,,,,,,,,,,,,,,,,,,,,,,,,,,,,,-0.22469586545332346,-0.22247115391418165,0,-0.004700499419026667,-8.57064,,,
22:52:23.704,,,,,,,,,,,,,,,,,,,,,,,,,,,,,,,,,,,,,,,,,,,,,43.7,43.7,,,,,,,57.2,,,,,,,,,,,,,,,,,,,,,,,,,,,,,,,,,,,,,,,,,,,,,,,,,,,,,,,,,,,,,,,,,,,,,,,,,,,,,,,,
22:52:23.748,,,,,,,,,,,,,,,,,,,,,,,,,,,,,,,,,,,,,,,,,,,,,,,32.9,49,69.80000000000001,86.9,91.4,69.80000000000001,,30.2,30.2,0,,,,,,,,,,,,,,,,,,,,,,,,,,,,,,,,,,,,,,,,,,,,,,,,,,,,,,,,,,,,,,,,0,,0,4.674669927622683,20.55642174699753,20.38883917919351,,,,,,,0,
22:52:24.255,,,,,,,,,,,,,,,,,,,,,,,,,,,,,,,,,,,,,,,,,,,,,,,,,,,,,,,,,,,,,,,,,,,,,,,,,,,,,,,,,,,,,,,,,,,,,,,,,,,,,,,,,,,,,,,,,,,,,0,14.4907908,0,,,,,,,,,,,,,,
22:52:24.511,,,,,,,,,,,,,,,,,,,,,,,,,,,,,,,,,,,,,,,,,,,,,,,,,,,,,,,,,,,,,,,,,,,,,,,,,,,,,,,,,0,0,,,,,60.8,1,,,0,,,,,,,42.8,42.8,,,,,,,,,,,,,,,,,,,,,,,,,,,,,,,,,,
22:52:24.687,,,,,,,,,,,,,,,,,,,,,,,,,,,,,,,,,,,,,,,,,,,,,,,,,,,,,,,,,,,,,,,,,,,,,,,,,,,,,,,,,,,,,,,,,,,,,,,,,,,,,,-50,0,0,0,0,400,0,0,0,0,,,,,,,,,,0,,,,,,,,,,0,,
22:52:24.941,,,,,,,,,,,,,,,,,,,,,,,,,,,,,,,,,,,,,,,,,,,,,,,,,,,,,,,,,,,,,,,,,,,,,,,,,,,,,,,,,,,4,899,2841,1,,,36.4,825.6,,66.7,5.800000000000001,13,0,41,0,,,350,825.6,,,,,,,,,,,0,0,35.5,696.8000000000001,1.492,,,,,,,,,,,,,,,,,
22:52:25.254,,,,,,,,,,,,,,,,,,,,,,,,,,,,,,,,,,,,,,,,,,,,,,,,,,,,,,,,,,,,,,,,,19.59,19.85,60,2.35,2.37,39.45,241,0,6.45,6.46,12.91,695.4000000000001,78.80000000000001,59,,,,,,,,,,,,,,,,,,,,,,,,,,,,,,,,,,,,,,,,,,,,,,,,,,,,,,,
22:52:25.397,,,,0,,,,23,,,,,,,,,37.4,53.6,,,,,,,,37.4,,,,,0,,,,,,,,,,,,,,,,,,,,,,,,,,,,,,,,,,,,,,,,,,,,,,,,,,,,,,,,,,,,,,,,,,,,,,,,,,,,,,,,,,,,,,,,,,,,,,,,,,,,,,
22:52:25.530,14.1,-12.3,696.8,,0,0,30.2,,46.4,39.2,39.2,46.4,41,44.6,41,-8.57064,,,11240.879444444445,40467166,0,0,4.83888888888889,3.87111111111111,3.62916666666667,,24872.4,24649.5,18333.9,17777.3,,0,0,0,697,2425,3.62,86,3.62,17,0,11240.8794444444,0,37.5,,,,,,,,,,,,,,,,,,,,,,,,,,,,,,,,,,,,,,,,,,,,,,,,,,,,,,,,,,,,,,,,,,,,,,,,,,,,,,,,,,-0.22930336091759645,-0.22703303061148164,0,-0.004561876697299999,-8.57064,,,
22:52:25.657,,,,,,,,,,,,,,,,,,,,,,,,,,,,,,,,,,,,,,,,,,,,,43.7,43.7,,,,,,,57.2,,,,,,,,,,,,,,,,,,,,,,,,,,,,,,,,,,,,,,,,,,,,,,,,,,,,,,,,,,,,,,,,,,,,,,,,,,,,,,,,
22:52:25.701,,,,,,,,,,,,,,,,,,,,,,,,,,,,,,,,,,,,,,,,,,,,,,,32.9,49,69.80000000000001,86.9,91.4,69.80000000000001,,30.2,30.2,0,,,,,,,,,,,,,,,,,,,,,,,,,,,,,,,,,,,,,,,,,,,,,,,,,,,,,,,,,,,,,,,,0,,0,4.674669927622683,20.55642174699753,20.38883917919351,,,,,,,0,
22:52:26.479,,,,,,,,,,,,,,,,,,,,,,,,,,,,,,,,,,,,,,,,,,,,,,,,,,,,,,,,,,,,,,,,,,,,,,,,,,,,,,,,,0,0,,,,,60.8,1,,,0,,,,,,,42.8,42.8,,,,,,,,,,,,,,,,,,,,,,,,,,,,,,,,,,
22:52:26.634,,,,,,,,,,,,,,,,,,,,,,,,,,,,,,,,,,,,,,,,,,,,,,,,,,,,,,,,,,,,,,,,,,,,,,,,,,,,,,,,,,,,,,,,,,,,,,,,,,,,,,-50,0,0,0,0,400,0,0,0,0,,,,,,,,,,0,,,,,,,,,,0,,
22:52:26.871,,,,,,,,,,,,,,,,,,,,,,,,,,,,,,,,,,,,,,,,,,,,,,,,,,,,,,,,,,,,,,,,,,,,,,,,,,,,,,,,,,,4,899,2841,1,,,36.4,825.6,,66.7,5.800000000000001,13,0,41,0,,,350,825.6,,,,,,,,,,,0,0,35.5,696.8000000000001,1.491,,,,,,,,,,,,,,,,,
22:52:27.208,,,,,,,,,,,,,,,,,,,,,,,,,,,,,,,,,,,,,,,,,,,,,,,,,,,,,,,,,,,,,,,,,19.57,19.82,60,2.3000000000000003,2.31,39.39,240.70000000000002,0,6.44,6.44,12.88,695.2,80.6,59,,,,,,,,,,,,,,,,,,,,,,,,,,,,,,,,,,,,,,,,,,,,,,,,,,,,,,,
22:52:27.356,,,,0,,,,23,,,,,,,,,37.4,53.6,,,,,,,,37.4,,,,,0,,,,,,,,,,,,,,,,,,,,,,,,,,,,,,,,,,,,,,,,,,,,,,,,,,,,,,,,,,,,,,,,,,,,,,,,,,,,,,,,,,,,,,,,,,,,,,,,,,,,,,
22:52:27.488,14.1,-12.4,696.8,,0,0,30.2,,46.4,39.2,39.2,46.4,41,44.6,41,-8.64032,,,11240.88,40467168,0,0,4.83888888888889,3.87111111111111,3.62916666666667,,24872.4,24649.5,18333.9,17777.3,,0,0,0,697,2425,3.62,54,3.62,17,0,11240.88,0,37.5,,,,,,,,,,,,,,,,,,,,,,,,,,,,,,,,,,,,,,,,,,,,,,,,,,,,,,,,,,,,,,,,,,,,,,,,,,,,,,,,,,-0.2340479174226034,-0.2317306113095083,0,-0.004697580698026666,-8.64032,,,
22:52:27.598,,,,,,,,,,,,,,,,,,,,,,,,,,,,,,,,,,,,,,,,,,,,,43.7,43.7,,,,,,,57.2,,,,,,,,,,,,,,,,,,,,,,,,,,,,,,,,,,,,,,,,,,,,,,,,,,,,,,,,,,,,,,,,,,,,,,,,,,,,,,,,
22:52:27.649,,,,,,,,,,,,,,,,,,,,,,,,,,,,,,,,,,,,,,,,,,,,,,,32.9,49,69.80000000000001,86,91.4,69.80000000000001,,30.2,30.2,0,,,,,,,,,,,,,,,,,,,,,,,,,,,,,,,,,,,,,,,,,,,,,,,,,,,,,,,,,,,,,,,,0,,0,4.674669927622683,20.55642174699753,20.38883917919351,,,,,,,0,
22:52:28.215,,,,,,,,,,,,,,,,,,,,,,,,,,,,,,,,,,,,,,,,,,,,,,,,,,,,,,,,,,,,,,,,,,,,,,,,,,,,,,,,,,,,,,,,,,,,,,,,,,,,,,,,,,,,,,,,,,,,,0,14.4907908,0,,,,,,,,,,,,,,
22:52:28.446,,,,,,,,,,,,,,,,,,,,,,,,,,,,,,,,,,,,,,,,,,,,,,,,,,,,,,,,,,,,,,,,,,,,,,,,,,,,,,,,,0,0,,,,,60.8,1,,,0,,,,,,,42.8,42.8,,,,,,,,,,,,,,,,,,,,,,,,,,,,,,,,,,
22:52:28.611,,,,,,,,,,,,,,,,,,,,,,,,,,,,,,,,,,,,,,,,,,,,,,,,,,,,,,,,,,,,,,,,,,,,,,,,,,,,,,,,,,,,,,,,,,,,,,,,,,,,,,-50,0,0,0,0,400,0,0,0,0,,,,,,,,,,0,,,,,,,,,,0,,
22:52:28.858,,,,,,,,,,,,,,,,,,,,,,,,,,,,,,,,,,,,,,,,,,,,,,,,,,,,,,,,,,,,,,,,,,,,,,,,,,,,,,,,,,,4,899,2841,1,,,36.4,825.6,,66.7,5.800000000000001,13,0,41,0,,,350,825.6,,,,,,,,,,,0,0,35.5,696.8000000000001,1.49,,,,,,,,,,,,,,,,,
22:52:29.199,,,,,,,,,,,,,,,,,,,,,,,,,,,,,,,,,,,,,,,,,,,,,,,,,,,,,,,,,,,,,,,,,19.59,19.84,60,2.47,2.48,39.43,240.70000000000002,0,6.45,6.44,12.89,696.1,80.6,59,,,,,,,,,,,,,,,,,,,,,,,,,,,,,,,,,,,,,,,,,,,,,,,,,,,,,,,
22:52:29.340,,,,0,,,,23,,,,,,,,,37.4,53.6,,,,,,,,37.4,,,,,0,,,,,,,,,,,,,,,,,,,,,,,,,,,,,,,,,,,,,,,,,,,,,,,,,,,,,,,,,,,,,,,,,,,,,,,,,,,,,,,,,,,,,,,,,,,,,,,,,,,,,,
22:52:29.475,14.1,-12.4,696.9,,0,0,30.2,,46.4,39.2,39.2,46.4,41,44.6,41,-8.64156,,,11240.880555555555,40467170,0,0,4.83958333333333,3.87166666666667,3.6296875,,24872.4,24649.5,18333.9,17777.3,,0,0,0,697,2425,3.62,92,3.62,17,0,11240.8805555556,0,37.5,,,,,,,,,,,,,,,,,,,,,,,,,,,,,,,,,,,,,,,,,,,,,,,,,,,,,,,,,,,,,,,,,,,,,,,,,,,,,,,,,,-0.23886712612442856,-0.23650210507369165,0,-0.004771493764183334,-8.64156,,,
22:52:29.569,,,,,,,,,,,,,,,,,,,,,,,,,,,,,,,,,,,,,,,,,,,,,43.7,43.7,,,,,,,57.2,,,,,,,,,,,,,,,,,,,,,,,,,,,,,,,,,,,,,,,,,,,,,,,,,,,,,,,,,,,,,,,,,,,,,,,,,,,,,,,,
22:52:29.616,,,,,,,,,,,,,,,,,,,,,,,,,,,,,,,,,,,,,,,,,,,,,,,32.9,49,69.80000000000001,86,91.4,69.80000000000001,,30.2,30.2,0,,,,,,,,,,,,,,,,,,,,,,,,,,,,,,,,,,,,,,,,,,,,,,,,,,,,,,,,,,,,,,,,0,,0,4.674669927622683,20.55642174699753,20.38883917919351,,,,,,,0,
22:52:30.154,,,,,,,,,,,,,,,,,,,,,,,,,,,,,,,,,,,,,,,,,,,,,,,,,,,,,,,,,,,,,,,,,,,,,,,,,,,,,,,,,,,,,,,,,,,,,,,,,,,,,,,,,,,,,,,,,,,,,0,14.4907908,0,,,,,,,,,,,,,,
22:52:30.433,,,,,,,,,,,,,,,,,,,,,,,,,,,,,,,,,,,,,,,,,,,,,,,,,,,,,,,,,,,,,,,,,,,,,,,,,,,,,,,,,0,0,,,,,60.8,1,,,0,,,,,,,42.8,42.8,,,,,,,,,,,,,,,,,,,,,,,,,,,,,,,,,,
22:52:30.615,,,,,,,,,,,,,,,,,,,,,,,,,,,,,,,,,,,,,,,,,,,,,,,,,,,,,,,,,,,,,,,,,,,,,,,,,,,,,,,,,,,,,,,,,,,,,,,,,,,,,,-50,0,0,0,0,400,0,0,0,0,,,,,,,,,,0,,,,,,,,,,0,,
22:52:30.863,,,,,,,,,,,,,,,,,,,,,,,,,,,,,,,,,,,,,,,,,,,,,,,,,,,,,,,,,,,,,,,,,,,,,,,,,,,,,,,,,,,4,899,2841,1,,,36.4,825.6,,66.7,5.800000000000001,13,0,41,0,,,350,825.6,,,,,,,,,,,0,0,35.5,696.9000000000001,1.492,,,,,,,,,,,,,,,,,
22:52:31.199,,,,,,,,,,,,,,,,,,,,,,,,,,,,,,,,,,,,,,,,,,,,,,,,,,,,,,,,,,,,,,,,,19.580000000000002,19.85,60,2.49,2.5,39.44,240.8,0,6.44,6.43,12.870000000000001,695,80.6,60.8,,,,,,,,,,,,,,,,,,,,,,,,,,,,,,,,,,,,,,,,,,,,,,,,,,,,,,,
22:52:31.375,,,,0,,,,23,,,,,,,,,37.4,53.6,,,,,,,,37.4,,,,,0,,,,,,,,,,,,,,,,,,,,,,,,,,,,,,,,,,,,,,,,,,,,,,,,,,,,,,,,,,,,,,,,,,,,,,,,,,,,,,,,,,,,,,,,,,,,,,,,,,,,,,
22:52:31.500,14.1,-12.3,696.9,,0,0,30.2,,46.4,39.2,39.2,46.4,41,44.6,41,-8.57187,,,11240.881111111112,40467172,0,0,4.83958333333333,3.87166666666667,3.6296875,,24872.5,24649.5,18333.9,17777.3,,0,0,0,697,2426,3.62,102,3.62,17,0,11240.8811111111,0,37.5,,,,,,,,,,,,,,,,,,,,,,,,,,,,,,,,,,,,,,,,,,,,,,,,,,,,,,,,,,,,,,,,,,,,,,,,,,,,,,,,,,-0.2437350472808864,-0.24132182899097665,0,-0.004819723917285,-8.57187,,,
22:52:31.604,,,,,,,,,,,,,,,,,,,,,,,,,,,,,,,,,,,,,,,,,,,,,43.7,43.7,,,,,,,57.2,,,,,,,,,,,,,,,,,,,,,,,,,,,,,,,,,,,,,,,,,,,,,,,,,,,,,,,,,,,,,,,,,,,,,,,,,,,,,,,,
22:52:31.656,,,,,,,,,,,,,,,,,,,,,,,,,,,,,,,,,,,,,,,,,,,,,,,32.9,49,69.80000000000001,86,91.4,69.80000000000001,,30.2,30.2,0,,,,,,,,,,,,,,,,,,,,,,,,,,,,,,,,,,,,,,,,,,,,,,,,,,,,,,,,,,,,,,,,0,,0,4.674669927622683,20.55642174699753,20.38883917919351,,,,,,,0,
22:52:32.235,,,,,,,,,,,,,,,,,,,,,,,,,,,,,,,,,,,,,,,,,,,,,,,,,,,,,,,,,,,,,,,,,,,,,,,,,,,,,,,,,,,,,,,,,,,,,,,,,,,,,,,,,,,,,,,,,,,,,0,14.4907908,0,,,,,,,,,,,,,,
22:52:32.496,,,,,,,,,,,,,,,,,,,,,,,,,,,,,,,,,,,,,,,,,,,,,,,,,,,,,,,,,,,,,,,,,,,,,,,,,,,,,,,,,0,0,,,,,62.6,1,,,0,,,,,,,42.8,42.8,,,,,,,,,,,,,,,,,,,,,,,,,,,,,,,,,,
22:52:32.664,,,,,,,,,,,,,,,,,,,,,,,,,,,,,,,,,,,,,,,,,,,,,,,,,,,,,,,,,,,,,,,,,,,,,,,,,,,,,,,,,,,,,,,,,,,,,,,,,,,,,,-50,0,0,0,0,400,0,0,0,0,,,,,,,,,,0,,,,,,,,,,0,,
22:52:32.912,,,,,,,,,,,,,,,,,,,,,,,,,,,,,,,,,,,,,,,,,,,,,,,,,,,,,,,,,,,,,,,,,,,,,,,,,,,,,,,,,,,4,899,2841,1,,,36.4,825.6,,66.7,5.800000000000001,13,0,41,0,,,350,825.6,,,,,,,,,,,0,0,35.5,696.9000000000001,1.491,,,,,,,,,,,,,,,,,
22:52:33.268,,,,,,,,,,,,,,,,,,,,,,,,,,,,,,,,,,,,,,,,,,,,,,,,,,,,,,,,,,,,,,,,,19.57,19.830000000000002,60,2.5100000000000002,2.5100000000000002,39.4,240.70000000000002,0,6.45,6.44,12.88,695.3000000000001,82.4,60.8,,,,,,,,,,,,,,,,,,,,,,,,,,,,,,,,,,,,,,,,,,,,,,,,,,,,,,,
22:52:33.460,,,,0,,,,23,,,,,,,,,37.4,53.6,,,,,,,,37.4,,,,,0,,,,,,,,,,,,,,,,,,,,,,,,,,,,,,,,,,,,,,,,,,,,,,,,,,,,,,,,,,,,,,,,,,,,,,,,,,,,,,,,,,,,,,,,,,,,,,,,,,,,,,
22:52:33.580,14.1,-12.4,696.9,,0,0,30.2,,46.4,39.2,39.2,46.4,41,44.6,41,-8.64156,,,11240.881666666666,40467174,0,0,4.83958333333333,3.87166666666667,3.6296875,,24872.5,24649.5,18333.9,17777.3,,0,0,0,697,2426,3.62,55,3.62,1,0,11240.8816666667,0,37.5,,,,,,,,,,,,,,,,,,,,,,,,,,,,,,,,,,,,,,,,,,,,,,,,,,,,,,,,,,,,,,,,,,,,,,,,,,,,,,,,,,-0.248777818471274,-0.24631467175373664,0,-0.00499284276276,-8.64156,,,
22:52:33.679,,,,,,,,,,,,,,,,,,,,,,,,,,,,,,,,,,,,,,,,,,,,,43.7,43.7,,,,,,,57.2,,,,,,,,,,,,,,,,,,,,,,,,,,,,,,,,,,,,,,,,,,,,,,,,,,,,,,,,,,,,,,,,,,,,,,,,,,,,,,,,
22:52:33.726,,,,,,,,,,,,,,,,,,,,,,,,,,,,,,,,,,,,,,,,,,,,,,,33.8,49,69.80000000000001,86,91.4,69.80000000000001,,30.2,30.2,0,,,,,,,,,,,,,,,,,,,,,,,,,,,,,,,,,,,,,,,,,,,,,,,,,,,,,,,,,,,,,,,,0,,0,4.674669927622683,20.55642174699753,20.38883917919351,,,,,,,0,
22:52:34.374,,,,,,,,,,,,,,,,,,,,,,,,,,,,,,,,,,,,,,,,,,,,,,,,,,,,,,,,,,,,,,,,,,,,,,,,,,,,,,,,,,,,,,,,,,,,,,,,,,,,,,,,,,,,,,,,,,,,,0,14.4907908,0,,,,,,,,,,,,,,
22:52:34.580,,,,,,,,,,,,,,,,,,,,,,,,,,,,,,,,,,,,,,,,,,,,,,,,,,,,,,,,,,,,,,,,,,,,,,,,,,,,,,,,,0,0,,,,,62.6,1,,,0,,,,,,,42.8,42.8,,,,,,,,,,,,,,,,,,,,,,,,,,,,,,,,,,
22:52:34.747,,,,,,,,,,,,,,,,,,,,,,,,,,,,,,,,,,,,,,,,,,,,,,,,,,,,,,,,,,,,,,,,,,,,,,,,,,,,,,,,,,,,,,,,,,,,,,,,,,,,,,-50,0,0,0,0,400,0,0,0,0,,,,,,,,,,0,,,,,,,,,,0,,
22:52:35.006,,,,,,,,,,,,,,,,,,,,,,,,,,,,,,,,,,,,,,,,,,,,,,,,,,,,,,,,,,,,,,,,,,,,,,,,,,,,,,,,,,,4,899,2841,1,,,36.4,825.6,,66.7,5.800000000000001,13,0,41,0,,,350,825.6,,,,,,,,,,,0,0,35.5,697,1.491,,,,,,,,,,,,,,,,,
22:52:35.338,,,,,,,,,,,,,,,,,,,,,,,,,,,,,,,,,,,,,,,,,,,,,,,,,,,,,,,,,,,,,,,,,19.55,19.830000000000002,60,2.61,2.56,39.39,240.60000000000002,0,6.44,6.43,12.870000000000001,695.1,82.4,60.8,,,,,,,,,,,,,,,,,,,,,,,,,,,,,,,,,,,,,,,,,,,,,,,,,,,,,,,
22:52:35.498,,,,0,,,,23,,,,,,,,,37.4,53.6,,,,,,,,37.4,,,,,0,,,,,,,,,,,,,,,,,,,,,,,,,,,,,,,,,,,,,,,,,,,,,,,,,,,,,,,,,,,,,,,,,,,,,,,,,,,,,,,,,,,,,,,,,,,,,,,,,,,,,,
22:52:35.634,14.1,-12.4,697,,0,0,30.2,,46.4,39.2,39.2,46.4,41,44.6,41,-8.6428,,,11240.882222222222,40467176,0,0,4.84027777777778,3.87222222222222,3.63020833333333,,24872.5,24649.5,18333.9,17777.3,,0,0,0,697,2426,3.62,4,3.62,17,0,11240.8822222222,0,37.5,,,,,,,,,,,,,,,,,,,,,,,,,,,,,,,,,,,,,,,,,,,,,,,,,,,,,,,,,,,,,,,,,,,,,,,,,,,,,,,,,,-0.2537602375210101,-0.2512477599217922,0,-0.004933088168055557,-8.642800000000001,,,
22:52:35.721,,,,,,,,,,,,,,,,,,,,,,,,,,,,,,,,,,,,,,,,,,,,,43.7,43.7,,,,,,,57.2,,,,,,,,,,,,,,,,,,,,,,,,,,,,,,,,,,,,,,,,,,,,,,,,,,,,,,,,,,,,,,,,,,,,,,,,,,,,,,,,
22:52:35.775,,,,,,,,,,,,,,,,,,,,,,,,,,,,,,,,,,,,,,,,,,,,,,,33.8,49,69.80000000000001,86,91.4,69.80000000000001,,30.2,30.2,0,,,,,,,,,,,,,,,,,,,,,,,,,,,,,,,,,,,,,,,,,,,,,,,,,,,,,,,,,,,,,,,,0,,0,4.674669927622683,20.55642174699753,20.38883917919351,,,,,,,0,
22:52:36.359,,,,,,,,,,,,,,,,,,,,,,,,,,,,,,,,,,,,,,,,,,,,,,,,,,,,,,,,,,,,,,,,,,,,,,,,,,,,,,,,,,,,,,,,,,,,,,,,,,,,,,,,,,,,,,,,,,,,,0,14.4907908,0,,,,,,,,,,,,,,
22:52:36.623,,,,,,,,,,,,,,,,,,,,,,,,,,,,,,,,,,,,,,,,,,,,,,,,,,,,,,,,,,,,,,,,,,,,,,,,,,,,,,,,,0,0,,,,,62.6,1,,,0,,,,,,,42.8,42.8,,,,,,,,,,,,,,,,,,,,,,,,,,,,,,,,,,
22:52:36.780,,,,,,,,,,,,,,,,,,,,,,,,,,,,,,,,,,,,,,,,,,,,,,,,,,,,,,,,,,,,,,,,,,,,,,,,,,,,,,,,,,,,,,,,,,,,,,,,,,,,,,-50,0,0,0,0,400,0,0,0,0,,,,,,,,,,0,,,,,,,,,,0,,
22:52:37.044,,,,,,,,,,,,,,,,,,,,,,,,,,,,,,,,,,,,,,,,,,,,,,,,,,,,,,,,,,,,,,,,,,,,,,,,,,,,,,,,,,,4,899,2841,1,,,36.4,825.6,,66.7,5.800000000000001,13,0,41,0,,,350,825.6,,,,,,,,,,,0,0,35.5,697,1.49,,,,,,,,,,,,,,,,,
22:52:37.376,,,,,,,,,,,,,,,,,,,,,,,,,,,,,,,,,,,,,,,,,,,,,,,,,,,,,,,,,,,,,,,,,19.55,19.82,60,1.8900000000000001,1.8,39.37,240.60000000000002,0,6.44,6.44,12.89,695.9000000000001,82.4,60.8,,,,,,,,,,,,,,,,,,,,,,,,,,,,,,,,,,,,,,,,,,,,,,,,,,,,,,,
22:52:37.523,,,,0,,,,23,,,,,,,,,37.4,53.6,,,,,,,,37.4,,,,,0,,,,,,,,,,,,,,,,,,,,,,,,,,,,,,,,,,,,,,,,,,,,,,,,,,,,,,,,,,,,,,,,,,,,,,,,,,,,,,,,,,,,,,,,,,,,,,,,,,,,,,
22:52:37.663,14.1,-12.4,697,,0,0,30.2,,46.4,39.2,39.2,46.4,41,44.6,41,-8.6428,,,11240.883055555556,40467179,0,0,4.84027777777778,3.87222222222222,3.63020833333333,,24872.5,24649.5,18333.9,17777.3,,0,0,0,697,2426,3.62,102,3.62,17,0,11240.8830555556,0,37.5,,,,,,,,,,,,,,,,,,,,,,,,,,,,,,,,,,,,,,,,,,,,,,,,,,,,,,,,,,,,,,,,,,,,,,,,,,,,,,,,,,-0.258678425941208,-0.25611725340713665,0,-0.004869493485344445,-8.642800000000001,,,
22:52:37.854,,,,,,,,,,,,,,,,,,,,,,,,,,,,,,,,,,,,,,,,,,,,,43.7,43.7,,,,,,,57.2,,,,,,,,,,,,,,,,,,,,,,,,,,,,,,,,,,,,,,,,,,,,,,,,,,,,,,,,,,,,,,,,,,,,,,,,,,,,,,,,
22:52:37.890,,,,,,,,,,,,,,,,,,,,,,,,,,,,,,,,,,,,,,,,,,,,,,,33.8,49,69.80000000000001,86,91.4,69.80000000000001,,30.2,30.2,0,,,,,,,,,,,,,,,,,,,,,,,,,,,,,,,,,,,,,,,,,,,,,,,,,,,,,,,,,,,,,,,,0,,0,4.674669927622683,20.55642174699753,20.38883917919351,,,,,,,0,
22:52:38.412,,,,,,,,,,,,,,,,,,,,,,,,,,,,,,,,,,,,,,,,,,,,,,,,,,,,,,,,,,,,,,,,,,,,,,,,,,,,,,,,,,,,,,,,,,,,,,,,,,,,,,,,,,,,,,,,,,,,,0,14.4907908,0,,,,,,,,,,,,,,
22:52:38.670,,,,,,,,,,,,,,,,,,,,,,,,,,,,,,,,,,,,,,,,,,,,,,,,,,,,,,,,,,,,,,,,,,,,,,,,,,,,,,,,,0,0,,,,,62.6,1,,,0,,,,,,,42.8,42.8,,,,,,,,,,,,,,,,,,,,,,,,,,,,,,,,,,
22:52:38.859,,,,,,,,,,,,,,,,,,,,,,,,,,,,,,,,,,,,,,,,,,,,,,,,,,,,,,,,,,,,,,,,,,,,,,,,,,,,,,,,,,,,,,,,,,,,,,,,,,,,,,-50,0,0,0,0,400,0,0,0,0,,,,,,,,,,0,,,,,,,,,,0,,
22:52:39.104,,,,,,,,,,,,,,,,,,,,,,,,,,,,,,,,,,,,,,,,,,,,,,,,,,,,,,,,,,,,,,,,,,,,,,,,,,,,,,,,,,,4,899,2841,1,,,36.4,825.6,,66.7,5.800000000000001,13,0,41,0,,,350,825.6,,,,,,,,,,,0,0,35.5,697,1.49,,,,,,,,,,,,,,,,,
22:52:39.453,,,,,,,,,,,,,,,,,,,,,,,,,,,,,,,,,,,,,,,,,,,,,,,,,,,,,,,,,,,,,,,,,19.57,19.830000000000002,60,2.57,2.5300000000000002,39.410000000000004,240.70000000000002,0,6.44,6.44,12.88,695.7,82.4,60.8,,,,,,,,,,,,,,,,,,,,,,,,,,,,,,,,,,,,,,,,,,,,,,,,,,,,,,,
22:52:39.594,,,,0,,,,23,,,,,,,,,37.4,53.6,,,,,,,,37.4,,,,,0,,,,,,,,,,,,,,,,,,,,,,,,,,,,,,,,,,,,,,,,,,,,,,,,,,,,,,,,,,,,,,,,,,,,,,,,,,,,,,,,,,,,,,,,,,,,,,,,,,,,,,
22:52:39.767,14.1,-12.4,697.1,,0,0,32,,46.4,39.2,39.2,46.4,41,44.6,41,-8.64404,,,11240.88361111111,40467181,0,0,4.84097222222222,3.87277777777778,3.63072916666667,,24872.5,24649.5,18333.9,17777.3,,0,0,0,697,2423,3.62,102,3.62,17,0,11240.8836111111,0,37.5,,,,,,,,,,,,,,,,,,,,,,,,,,,,,,,,,,,,,,,,,,,,,,,,,,,,,,,,,,,,,,,,,,,,,,,,,,,,,,,,,,-0.2637826804509204,-0.26117097074348555,0,-0.005053717336348889,-8.64404,,,
22:52:39.981,,,,,,,,,,,,,,,,,,,,,,,,,,,,,,,,,,,,,,,,,,,,,,,33.8,49,69.80000000000001,86,90.5,69.80000000000001,,30.2,30.2,0,,,,,,,,,,,,,,,,,,,,,,,,,,,,,,,,,,,,,,,,,,,,,,,,,,,,,,,,,,,,,,,,0,,0,4.674669927622683,20.55642174699753,20.38883917919351,,,,,,,0,
