time,[BMS] Auxillary Battery Voltage (V),[BMS] Battery Current (A),[BMS] Battery DC Voltage (V),[BMS] Battery Fan Duty Feedback (%),[BMS] Battery Fan Feedback (Hz),[BMS] Battery Fan Status (),[BMS] Battery management (),[BMS] Battery Pack B01 (℉),[BMS] Battery Pack B02 (℉),[BMS] Battery Pack B03 (℉),[BMS] Battery Pack B04 (℉),[BMS] Battery Pack B05 (℉),[BMS] Battery Power (kW),[BMS] Battery temperature at WCS input (℉),[BMS] Battery temperature PRA (℉),[BMS] Battery work time total (h) (h),[BMS] Battery work time total (sec.) (sec.),[BMS] BMS Ignition (),[BMS] BMS Main Relay (),[BMS] CALC Average Cell Voltage 58kWh (V),[BMS] CALC Average Cell Voltage 72kWh (V),[BMS] CALC Average Cell Voltage 77kWh (V),[BMS] Cumulative Charge Current (Ah),[BMS] Cumulative Discharge Current (Ah),[BMS] Cumulative Energy Charged (kWh),[BMS] Cumulative Energy Discharged (kWh),[BMS] DATC A/C Compressor operation RPM var.1 (rpm),[BMS] Drive Motor Speed 1 (rpm),[BMS] Drive Motor Speed 2 (rpm),[BMS] HV_Charging (),[BMS] Inverter Capacitor Voltage (V),[BMS] Isolation Resistance (kOhm),[BMS] Maximum Cell Voltage (V),[BMS] Maximum Cell Voltage No (),[BMS] Minimum Cell Voltage (V),[BMS] Minimum Cell Voltage No (),[BMS] Normal Charge Port (),[BMS] Operating Time (Hours),[BMS] Rapid Charge Port (),[BMS] State of Charge BMS (%),[HVAC] Coolant temperature #1 (℉),[HVAC] Evaporator Temperature (℉),[HVAC] Humidity sensor for automatic defogger (%),[HVAC] Interior temperature: driver legs vent (℉),[HVAC] Interior temperature: driver vent (℉),[HVAC] Interior temperature: front (℉),[HVAC] Outside temperature (℉),[ICCU] Aux. Battery Current (A),[ICCU] Aux. Battery State of Charge (%),[ICCU] Aux. Battery Voltage (V),[ICCU] LDC Input Voltage (V),[ICCU] LDC Output Current (A),[ICCU] LDC Output Voltage (V),[ICCU] OBC AC Current A (RMS) (A),[ICCU] OBC AC Current B (RMS) (A),[ICCU] OBC AC Frequency (Hz),[ICCU] OBC AC Input Current Sensor A Signal Voltage (V),[ICCU] OBC AC Input Current Sensor B Signal Voltage (V),[ICCU] OBC AC Total Current (RMS) (A),[ICCU] OBC AC Voltage A (RMS) (V),[ICCU] OBC AC Voltage B (RMS) (V),[ICCU] OBC DC Current A (RMS) (A),[ICCU] OBC DC Current B (RMS) (A),[ICCU] OBC DC Current Total (RMS) (A),[ICCU] OBC DC Voltage (V),[VCMS] 400V Relay On/Off request (),[VCMS] 400V Relay Status (),[VCMS] AC Charger current (A),[VCMS] AC Charging Counter (),[VCMS] AC Charging Time (Hours),[VCMS] AC Charging Time after plug-in (min),[VCMS] AC Inlet temperature 1 (℉),[VCMS] Battery main relay status (),[VCMS] BMS Target current (A),[VCMS] BMS Target voltage (V),[VCMS] Charging socket connected (),[VCMS] CP duty cycle (%),[VCMS] CP voltage (V),[VCMS] Cumulative DC Charging time (h),[VCMS] DC Charger current capability (A),[VCMS] DC Charging counter (),[VCMS] DC Charging time after plug-in (min),[VCMS] DC Inlet Temperature 1 (℉),[VCMS] DC Inlet Temperature 2 (℉),[VCMS] EV Max Current (A),[VCMS] EV Max Voltage (V),[VCMS] EVSE Current regulation tolerance Value (A),[VCMS] EVSE Delivered Power Value (Wh),[VCMS] EVSE Main Power (kW),[VCMS] EVSE Maximum Current Value (A),[VCMS] EVSE Maximum Power value (W),[VCMS] EVSE Maximum Voltage Value (V),[VCMS] EVSE Minimum Current Value (A),[VCMS] EVSE Minimum Voltage Value (V),[VCMS] EVSE Output Current (A),[VCMS] EVSE Output Voltage (V),[VCMS] EVSE Target Current (A),[VCMS] EVSE Target Voltage (V),[VCMS] HV Battery SoC (%),[VCMS] HV Battery Voltage (V),[VCMS] PD voltage (V),[VCS] Accelerator pedal position (%),[VCS] Aux. battery voltage (V),# warm-ups since codes cleared (),Average speed (mph),DC Charger Power (kW),Distance traveled since codes cleared (miles),Distance traveled with MIL on (miles),Distance travelled (Today) (miles),Distance travelled (total) (miles),Distance travelled (Week) (miles),Energy costs ($),Energy used (kWh),EV Instant Energy Consumption (distance/kWh) (km/kWh),EV Instant Energy Consumption (kWh) (kWh),HV EV Battery Power (kW),Hybrid/EV battery pack remaining charge (%),Hybrid/EV Battery System Current (A),Hybrid/EV Battery System Voltage (V),Hybrid/EV Charger Power (kW),OBD Module Voltage (V),Vehicle acceleration (g),[BMS] Battery Inlet Temperature (℃),[BMS] Battery Max Temperature (℃),[BMS] Battery Min Temperature (℃),[BMS] Coolant temperature 2 (℃),[HVAC] Coolant temperature 1 (℃),[HVAC] Indoor Temperature (℃),[HVAC] Inverter temperature (℃),[HVAC] Outdoor Temperature (℃),[ICCU] Aux. Battery Temperature (℃),[ICCU] LDC Temperature (℃),[ICCU] OBC Temperature A (℃),[ICCU] OBC Temperature B (℃),[VCS] Vehicle speed (high res.) (km/h),[HVAC] Real Vehicle Speed (km/h),Distance travelled (km),12V device load (A)
0.0,,,,0.0,,,23.0,,,,,,,53.6,71.6,,,,,,,,,,,,0.0,,,,,,,,,,,,,,,,,,,,,,,,,,,,,,,,,,,,,,,,,,,,,,,,,,,,,,,,,,,,,,,,,,,,,,,,,,,,,,,,,,,,,,,,,,,,,,,,,,,12.0,,,,,,,,,,,,
1.0,14.1,-11.4,760.2,0.0,0.0,0.0,23.0,53.6,57.2,53.6,55.400000000000006,53.6,-8.66628,53.6,71.6,11265.617777777778,40556224.0,0.0,0.0,5.27916666666667,4.22333333333333,3.959375,24974.4,24705.5,18408.6,17817.2,0.0,0.0,0.0,0.0,760.0,2436.0,3.96,101.0,3.94,17.0,0.0,11265.6177777778,0.0,74.0,,,,,,,,0.0900000000000318,100.0,14.5,756.3000000000001,7.43,14.566,,,,,,,,,,,,,,,,,,,,,,,,,,,,,,,,,,,,,,,,,,,,,,,,,,,,,,,,,,,,,,,-8.66628,,,,,,,10.999999999999998,14.000000000000002,10.999999999999998,12.0,,,,,16.0,21.999999999999996,,,,,,7.339999999999968
2.0,14.1,-11.4,760.2,0.0,0.0,0.0,23.0,53.6,57.2,53.6,55.400000000000006,53.6,-8.66628,53.6,71.6,11265.617777777778,40556224.0,0.0,0.0,5.27916666666667,4.22333333333333,3.959375,24974.4,24705.5,18408.6,17817.2,0.0,0.0,0.0,0.0,760.0,2436.0,3.96,101.0,3.94,17.0,0.0,11265.6177777778,0.0,74.0,,,,,,,,0.0900000000000318,100.0,14.5,756.3000000000001,7.43,14.566,,,,,,,,,,,,,0.0,0.0,,,,,150.8,1.0,,,0.0,,,,,,,59.0,59.0,,,-50.0,0.0,0.0,0.0,0.0,400.0,0.0,0.0,0.0,0.0,,,,,,0.0,14.4907908,,,0.0,,,,,,,,,,-8.66628,,,,0.0,,,10.999999999999998,14.000000000000002,10.999999999999998,12.0,,,,,16.0,21.999999999999996,,,0.0,,,7.339999999999968
3.0,14.1,-11.3,760.1,0.0,0.0,0.0,23.0,53.6,57.2,53.6,55.400000000000006,53.6,-8.58913,53.6,71.6,11265.618611111113,40556227.0,0.0,0.0,5.27847222222222,4.22277777777778,3.95885416666667,24974.5,24705.5,18408.6,17817.2,0.0,0.0,0.0,0.0,760.0,2436.0,3.96,101.0,3.94,17.0,0.0,11265.6186111111,0.0,74.0,60.8,,,,,,,0.0400000000000204,100.0,14.5,756.7,10.55,14.569,,,,,,,,,,,,,0.0,0.0,,,,,150.8,1.0,,,0.0,,,,,,,59.0,59.0,,,-50.0,0.0,0.0,0.0,0.0,400.0,0.0,0.0,0.0,0.0,,,,,,0.0,14.4907908,,,0.0,,,,,,-0.0052348623234292,-0.0051830320033952,,-0.0051830320033952,-8.58913,,,,0.0,,,10.999999999999998,14.000000000000002,10.999999999999998,12.0,16.0,,20.0,,16.0,21.999999999999996,,,0.0,,,10.50999999999998
4.0,14.1,-11.3,760.1,0.0,0.0,0.0,23.0,53.6,57.2,53.6,55.400000000000006,53.6,-8.58913,53.6,71.6,11265.618888888888,40556228.0,0.0,0.0,5.27847222222222,4.22277777777778,3.95885416666667,24974.5,24705.5,18408.6,17817.2,0.0,0.0,0.0,0.0,760.0,2436.0,3.96,148.0,3.94,17.0,0.0,11265.6188888889,0.0,74.0,60.8,56.3,37.0,69.80000000000001,83.30000000000001,73.4,45.5,0.0400000000000204,100.0,14.5,756.7,10.55,14.569,,,,,,,,,,,,,0.0,0.0,,,,,150.8,1.0,,,0.0,,,,,,,59.0,59.0,,,-50.0,0.0,0.0,0.0,0.0,400.0,0.0,0.0,0.0,0.0,,,,,,0.0,14.4907908,,,0.0,,,,,,-0.0086922696520725,-0.0086062075763094,,-0.0034231755729141,-8.58913,,,,0.0,,,10.999999999999998,14.000000000000002,10.999999999999998,12.0,16.0,23.000000000000004,20.0,7.5,16.0,21.999999999999996,,,0.0,0.0,,10.50999999999998
5.0,14.1,-11.3,760.1,0.0,0.0,0.0,23.0,53.6,57.2,53.6,55.400000000000006,53.6,-8.58913,53.6,71.6,11265.618888888888,40556228.0,0.0,0.0,5.27847222222222,4.22277777777778,3.95885416666667,24974.5,24705.5,18408.6,17817.2,0.0,0.0,0.0,0.0,760.0,2436.0,3.96,148.0,3.94,17.0,0.0,11265.6188888889,0.0,74.0,60.8,56.3,37.0,69.80000000000001,83.30000000000001,73.4,45.5,0.0300000000000295,100.0,14.499,756.4000000000001,8.48,14.571,,,,,,,,,,,,,0.0,0.0,,,,,150.8,1.0,,,0.0,,,,,,,59.0,59.0,,,-50.0,0.0,0.0,0.0,0.0,400.0,0.0,0.0,0.0,0.0,,,,,,0.0,14.4907908,,,0.0,,,,,,-0.0086922696520725,-0.0086062075763094,,-0.0034231755729141,-8.58913,,,,0.0,,,10.999999999999998,14.000000000000002,10.999999999999998,12.0,16.0,23.000000000000004,20.0,7.5,16.0,21.999999999999996,,,0.0,0.0,,8.44999999999997
6.0,14.1,-11.3,760.1,0.0,0.0,0.0,23.0,53.6,57.2,53.6,55.400000000000006,53.6,-8.58913,53.6,71.6,11265.618888888888,40556228.0,0.0,0.0,5.27847222222222,4.22277777777778,3.95885416666667,24974.5,24705.5,18408.6,17817.2,0.0,0.0,0.0,0.0,760.0,2436.0,3.96,148.0,3.94,17.0,0.0,11265.6188888889,0.0,74.0,60.8,56.3,37.0,69.80000000000001,83.30000000000001,73.4,45.5,0.0300000000000295,100.0,14.499,756.4000000000001,8.48,14.571,,,,,,,,,,,,,0.0,0.0,4.0,902.0,2850.0,26.0,150.8,1.0,37.0,825.6,0.0,66.7,5.800000000000001,13.0,0.0,41.0,0.0,59.0,59.0,350.0,825.6,-50.0,0.0,0.0,0.0,0.0,400.0,0.0,0.0,0.0,0.0,0.0,0.0,75.0,760.1,1.491,0.0,14.4907908,,,0.0,,,,,,-0.0086922696520725,-0.0086062075763094,,-0.0034231755729141,-8.58913,,,,0.0,,,10.999999999999998,14.000000000000002,10.999999999999998,12.0,16.0,23.000000000000004,20.0,7.5,16.0,21.999999999999996,,,0.0,0.0,,8.44999999999997
7.0,14.1,-11.3,760.1,0.0,0.0,0.0,23.0,53.6,57.2,53.6,55.400000000000006,53.6,-8.58913,53.6,71.6,11265.619722222222,40556231.0,0.0,0.0,5.27847222222222,4.22277777777778,3.95885416666667,24974.5,24705.5,18408.6,17817.2,0.0,0.0,0.0,0.0,760.0,2436.0,3.96,148.0,3.94,17.0,0.0,11265.6197222222,0.0,74.0,60.8,56.3,37.0,69.80000000000001,83.30000000000001,73.4,45.5,0.0300000000000295,100.0,14.499,756.4000000000001,8.48,14.571,19.54,19.83,60.0,2.49,2.58,39.37,239.8,0.0,6.04,6.03,12.07,757.8000000000001,0.0,0.0,4.0,902.0,2850.0,26.0,150.8,1.0,37.0,825.6,0.0,66.7,5.800000000000001,13.0,0.0,41.0,0.0,59.0,59.0,350.0,825.6,-50.0,0.0,0.0,0.0,0.0,400.0,0.0,0.0,0.0,0.0,0.0,0.0,75.0,760.1,1.491,0.0,14.4907908,,,0.0,,,,,,-0.0155037893849031,-0.0153502865197061,,-0.0067440789433966,-8.58913,,,,0.0,,,10.999999999999998,14.000000000000002,10.999999999999998,12.0,16.0,23.000000000000004,20.0,7.5,16.0,21.999999999999996,56.00000000000001,35.0,0.0,0.0,,8.44999999999997
8.0,14.1,-11.3,760.1,0.0,0.0,0.0,23.0,53.6,57.2,53.6,55.400000000000006,53.6,-8.58913,53.6,71.6,11265.619722222222,40556231.0,0.0,0.0,5.27847222222222,4.22277777777778,3.95885416666667,24974.5,24705.5,18408.6,17817.2,0.0,0.0,0.0,0.0,760.0,2436.0,3.96,148.0,3.94,17.0,0.0,11265.6197222222,0.0,74.0,60.8,56.3,37.0,69.80000000000001,83.30000000000001,73.4,45.5,0.0600000000000022,100.0,14.5,757.6,9.87,14.568,19.54,19.83,60.0,2.49,2.58,39.37,239.8,0.0,6.04,6.03,12.07,757.8000000000001,0.0,0.0,4.0,902.0,2850.0,26.0,150.8,1.0,37.0,825.6,0.0,66.7,5.800000000000001,13.0,0.0,41.0,0.0,59.0,59.0,350.0,825.6,-50.0,0.0,0.0,0.0,0.0,400.0,0.0,0.0,0.0,0.0,0.0,0.0,75.0,760.1,1.491,0.0,14.4907908,,,0.0,,,,,,-0.0155037893849031,-0.0153502865197061,,-0.0067440789433966,-8.58913,,,,0.0,,,10.999999999999998,14.000000000000002,10.999999999999998,12.0,16.0,23.000000000000004,20.0,7.5,16.0,21.999999999999996,56.00000000000001,35.0,0.0,0.0,,9.809999999999997
9.0,14.1,-11.3,760.1,0.0,0.0,0.0,23.0,53.6,57.2,53.6,55.400000000000006,53.6,-8.58913,53.6,71.6,11265.619722222222,40556231.0,0.0,0.0,5.27847222222222,4.22277777777778,3.95885416666667,24974.5,24705.5,18408.6,17817.2,0.0,0.0,0.0,0.0,760.0,2436.0,3.96,148.0,3.94,17.0,0.0,11265.6197222222,0.0,74.0,60.8,56.3,37.0,69.80000000000001,83.30000000000001,73.4,45.5,0.0600000000000022,100.0,14.5,757.6,9.87,14.568,19.54,19.83,60.0,2.49,2.58,39.37,239.8,0.0,6.04,6.03,12.07,757.8000000000001,0.0,0.0,4.0,902.0,2850.0,26.0,150.8,1.0,37.0,825.6,0.0,66.7,5.800000000000001,13.0,0.0,41.0,0.0,59.0,59.0,350.0,825.6,-50.0,0.0,0.0,0.0,0.0,400.0,0.0,0.0,0.0,0.0,0.0,0.0,75.0,760.2,1.49,0.0,14.4907908,,,0.0,,,,,,-0.0155037893849031,-0.0153502865197061,,-0.0067440789433966,-8.58913,,,,0.0,,,10.999999999999998,14.000000000000002,10.999999999999998,12.0,16.0,23.000000000000004,20.0,7.5,16.0,21.999999999999996,56.00000000000001,35.0,0.0,0.0,,9.809999999999997
10.0,14.1,-11.3,760.2,0.0,0.0,0.0,23.0,53.6,57.2,53.6,55.400000000000006,53.6,-8.59026,53.6,71.6,11265.620555555555,40556234.0,0.0,0.0,5.27916666666667,4.22333333333333,3.959375,24974.5,24705.5,18408.6,17817.2,0.0,0.0,0.0,0.0,760.0,2436.0,3.96,101.0,3.94,17.0,0.0,11265.6205555556,0.0,74.0,60.8,56.3,37.0,69.80000000000001,83.30000000000001,73.4,45.5,0.160000000000025,100.0,14.501,756.3000000000001,9.17,14.569,19.52,19.81,60.0,1.93,1.85,39.33,239.7,0.0,6.05,6.03,12.08,757.0,0.0,0.0,4.0,902.0,2850.0,26.0,150.8,1.0,37.0,825.6,0.0,66.7,5.800000000000001,13.0,0.0,41.0,0.0,59.0,59.0,350.0,825.6,-50.0,0.0,0.0,0.0,0.0,400.0,0.0,0.0,0.0,0.0,0.0,0.0,75.0,760.2,1.49,0.0,14.4907908,,,0.0,,,,,,-0.0220549751547034,-0.0218366090640627,,-0.0064863225443566,-8.59026,,,,0.0,,,10.999999999999998,14.000000000000002,10.999999999999998,12.0,16.0,23.000000000000004,20.0,7.5,16.0,21.999999999999996,56.00000000000001,35.0,0.0,0.0,,9.009999999999975
11.0,14.1,-11.3,760.2,0.0,0.0,0.0,23.0,53.6,57.2,53.6,55.400000000000006,53.6,-8.59026,53.6,71.6,11265.620555555555,40556234.0,0.0,0.0,5.27916666666667,4.22333333333333,3.959375,24974.5,24705.5,18408.6,17817.2,0.0,0.0,0.0,0.0,760.0,2436.0,3.96,101.0,3.94,17.0,0.0,11265.6205555556,0.0,74.0,60.8,,,,,,,0.160000000000025,100.0,14.501,756.3000000000001,9.17,14.569,19.52,19.81,60.0,1.93,1.85,39.33,239.7,0.0,6.05,6.03,12.08,757.0,0.0,0.0,4.0,902.0,2850.0,26.0,150.8,1.0,37.0,825.6,0.0,66.7,5.800000000000001,13.0,0.0,41.0,0.0,59.0,59.0,350.0,825.6,-50.0,0.0,0.0,0.0,0.0,400.0,0.0,0.0,0.0,0.0,0.0,0.0,75.0,760.2,1.49,0.0,14.4907908,,,0.0,,,,,,-0.0220549751547034,-0.0218366090640627,,-0.0064863225443566,-8.59026,,,,0.0,,,10.999999999999998,14.000000000000002,10.999999999999998,12.0,16.0,,20.0,,16.0,21.999999999999996,56.00000000000001,35.0,0.0,,,9.009999999999975
12.0,14.1,-11.4,760.3,0.0,0.0,0.0,23.0,53.6,57.2,53.6,55.400000000000006,53.6,-8.66742,53.6,71.6,11265.621111111112,40556236.0,0.0,0.0,5.27986111111111,4.22388888888889,3.95989583333333,24974.5,24705.5,18408.6,17817.2,0.0,0.0,0.0,0.0,760.0,2436.0,3.96,101.0,3.94,17.0,0.0,11265.6211111111,0.0,74.0,60.8,56.3,37.0,69.80000000000001,83.30000000000001,73.4,45.5,0.160000000000025,100.0,14.501,756.3000000000001,9.17,14.569,19.52,19.82,60.0,2.73,2.66,39.35,239.6,0.0,6.03,6.04,12.07,757.4000000000001,0.0,0.0,4.0,902.0,2850.0,26.0,150.8,1.0,37.0,825.6,0.0,66.60000000000001,5.800000000000001,13.0,0.0,41.0,0.0,59.0,59.0,350.0,825.6,-50.0,0.0,0.0,0.0,0.0,400.0,0.0,0.0,0.0,0.0,0.0,0.0,75.0,760.3000000000001,1.49,0.0,14.4907908,,0.0,0.0,,,0.0,43.222771514356154,43.055188946552136,-0.0280267619175187,-0.0277492692252661,,-0.0059126601612033,-8.66742,,,,0.0,,,10.999999999999998,14.000000000000002,10.999999999999998,12.0,16.0,23.000000000000004,20.0,7.5,16.0,21.999999999999996,56.00000000000001,35.0,0.0,0.0,0.0,9.009999999999975
13.0,14.1,-11.4,760.3,0.0,0.0,0.0,23.0,53.6,57.2,53.6,55.400000000000006,53.6,-8.66742,53.6,71.6,11265.621111111112,40556236.0,0.0,0.0,5.27986111111111,4.22388888888889,3.95989583333333,24974.5,24705.5,18408.6,17817.2,0.0,0.0,0.0,0.0,760.0,2436.0,3.96,101.0,3.94,17.0,0.0,11265.6211111111,0.0,74.0,60.8,56.3,37.0,69.80000000000001,83.30000000000001,73.4,45.5,0.160000000000025,100.0,14.501,756.3000000000001,9.17,14.569,19.52,19.82,60.0,2.73,2.66,39.35,239.6,0.0,6.03,6.04,12.07,757.4000000000001,0.0,0.0,4.0,902.0,2850.0,26.0,150.8,1.0,37.0,825.6,0.0,66.60000000000001,5.800000000000001,13.0,0.0,41.0,0.0,59.0,59.0,350.0,825.6,-50.0,0.0,0.0,0.0,0.0,400.0,0.0,0.0,0.0,0.0,0.0,0.0,75.0,760.3000000000001,1.49,0.0,14.4907908,,0.0,0.0,,,0.0,43.222771514356154,43.055188946552136,-0.0280267619175187,-0.0277492692252661,,-0.0059126601612033,-8.66742,,,,0.0,,,10.999999999999998,14.000000000000002,10.999999999999998,12.0,16.0,23.000000000000004,20.0,7.5,16.0,21.999999999999996,56.00000000000001,35.0,0.0,0.0,0.0,9.009999999999975
14.0,14.1,-11.4,760.3,0.0,0.0,0.0,23.0,53.6,57.2,53.6,55.400000000000006,53.6,-8.66742,53.6,71.6,11265.621666666666,40556238.0,0.0,0.0,5.27986111111111,4.22388888888889,3.95989583333333,24974.5,24705.5,18408.6,17817.2,0.0,0.0,0.0,0.0,760.0,2436.0,3.96,101.0,3.94,17.0,0.0,11265.6216666667,0.0,74.0,60.8,56.3,37.0,69.80000000000001,83.30000000000001,73.4,45.5,0.160000000000025,100.0,14.501,756.3000000000001,9.17,14.569,19.52,19.84,60.0,2.53,2.53,39.36,239.7,0.0,6.04,6.0200000000000005,12.06,757.2,0.0,0.0,4.0,902.0,2850.0,26.0,150.8,1.0,37.0,825.6,0.0,66.60000000000001,5.800000000000001,13.0,0.0,41.0,0.0,59.0,59.0,350.0,825.6,-50.0,0.0,0.0,0.0,0.0,400.0,0.0,0.0,0.0,0.0,0.0,0.0,75.0,760.3000000000001,1.49,0.0,14.4907908,,0.0,0.0,,,0.0,43.222771514356154,43.055188946552136,-0.0327759951684945,-0.0324514803648461,0.0,-0.00470221113958,-8.66742,,,,0.0,,,10.999999999999998,14.000000000000002,10.999999999999998,12.0,16.0,23.000000000000004,20.0,7.5,16.0,21.999999999999996,56.00000000000001,35.0,0.0,0.0,0.0,9.009999999999975
15.0,14.1,-11.4,760.3,0.0,0.0,0.0,23.0,53.6,57.2,53.6,55.400000000000006,53.6,-8.66742,53.6,71.6,11265.621666666666,40556238.0,0.0,0.0,5.27986111111111,4.22388888888889,3.95989583333333,24974.5,24705.5,18408.6,17817.2,0.0,0.0,0.0,0.0,760.0,2436.0,3.96,101.0,3.94,17.0,0.0,11265.6216666667,0.0,74.0,60.8,56.3,37.0,69.80000000000001,83.30000000000001,73.4,45.5,0.0400000000000204,100.0,14.5,756.8000000000001,10.54,14.568,19.52,19.84,60.0,2.53,2.53,39.36,239.7,0.0,6.04,6.0200000000000005,12.06,757.2,0.0,0.0,4.0,902.0,2850.0,26.0,150.8,1.0,37.0,825.6,0.0,66.60000000000001,5.800000000000001,13.0,0.0,41.0,0.0,59.0,59.0,350.0,825.6,-50.0,0.0,0.0,0.0,0.0,400.0,0.0,0.0,0.0,0.0,0.0,0.0,75.0,760.3000000000001,1.49,0.0,14.4907908,,0.0,0.0,,,0.0,43.222771514356154,43.055188946552136,-0.0327759951684945,-0.0324514803648461,0.0,-0.00470221113958,-8.66742,,,,0.0,,,10.999999999999998,14.000000000000002,10.999999999999998,12.0,16.0,23.000000000000004,20.0,7.5,16.0,21.999999999999996,56.00000000000001,35.0,0.0,0.0,0.0,10.499999999999979
16.0,14.1,-11.4,760.3,0.0,0.0,0.0,23.0,53.6,57.2,53.6,55.400000000000006,53.6,-8.66742,53.6,71.6,11265.621666666666,40556238.0,0.0,0.0,5.27986111111111,4.22388888888889,3.95989583333333,24974.5,24705.5,18408.6,17817.2,0.0,0.0,0.0,0.0,760.0,2436.0,3.96,101.0,3.94,17.0,0.0,11265.6216666667,0.0,74.0,60.8,56.3,37.0,69.80000000000001,83.30000000000001,73.4,45.5,0.0400000000000204,100.0,14.5,756.8000000000001,10.54,14.568,19.52,19.81,60.0,1.95,1.89,39.33,239.6,0.0,6.04,6.05,12.1,758.2,0.0,0.0,4.0,902.0,2850.0,26.0,150.8,1.0,37.0,825.6,0.0,66.60000000000001,5.800000000000001,13.0,0.0,41.0,0.0,59.0,59.0,350.0,825.6,-50.0,0.0,0.0,0.0,0.0,400.0,0.0,0.0,0.0,0.0,0.0,0.0,75.0,760.2,1.49,0.0,14.4907908,,0.0,0.0,,,0.0,43.222771514356154,43.055188946552136,-0.0327759951684945,-0.0324514803648461,0.0,-0.00470221113958,-8.66742,,,,0.0,,,10.999999999999998,14.000000000000002,10.999999999999998,12.0,16.0,23.000000000000004,20.0,7.5,16.0,21.999999999999996,56.00000000000001,35.0,0.0,0.0,0.0,10.499999999999979
17.0,14.1,-11.3,760.2,0.0,0.0,0.0,23.0,53.6,57.2,53.6,55.400000000000006,53.6,-8.59026,53.6,71.6,11265.6225,40556241.0,0.0,0.0,5.27916666666667,4.22333333333333,3.959375,24974.5,24705.5,18408.6,17817.2,0.0,0.0,0.0,0.0,760.0,2436.0,3.96,148.0,3.94,17.0,0.0,11265.6225,0.0,74.0,60.8,56.3,37.0,69.80000000000001,83.30000000000001,73.4,45.5,0.1999999999999886,100.0,14.5,757.3000000000001,7.56,14.569,19.52,19.81,60.0,1.95,1.89,39.33,239.6,0.0,6.04,6.05,12.1,758.2,0.0,0.0,4.0,902.0,2850.0,26.0,150.8,1.0,37.0,825.6,0.0,66.60000000000001,5.800000000000001,13.0,0.0,41.0,0.0,59.0,59.0,350.0,825.6,-50.0,0.0,0.0,0.0,0.0,400.0,0.0,0.0,0.0,0.0,0.0,0.0,75.0,760.2,1.49,0.0,14.4907908,,0.0,0.0,,,0.0,43.222771514356154,43.055188946552136,-0.0387198726927284,-0.0383365076165627,0.0,-0.0058850272517166,-8.59026,,,,0.0,,,10.999999999999998,14.000000000000002,10.999999999999998,12.0,16.0,23.000000000000004,20.0,7.5,16.0,21.999999999999996,56.00000000000001,35.0,0.0,0.0,0.0,7.360000000000011
18.0,14.1,-11.3,760.2,0.0,0.0,0.0,23.0,53.6,57.2,53.6,55.400000000000006,53.6,-8.59026,53.6,71.6,11265.6225,40556241.0,0.0,0.0,5.27916666666667,4.22333333333333,3.959375,24974.5,24705.5,18408.6,17817.2,0.0,0.0,0.0,0.0,760.0,2436.0,3.96,148.0,3.94,17.0,0.0,11265.6225,0.0,74.0,,56.3,37.0,69.80000000000001,83.30000000000001,73.4,45.5,0.1999999999999886,100.0,14.5,757.3000000000001,7.56,14.569,19.52,19.81,60.0,1.95,1.89,39.33,239.6,0.0,6.04,6.05,12.1,758.2,0.0,0.0,4.0,902.0,2850.0,26.0,150.8,1.0,37.0,825.6,0.0,66.60000000000001,5.800000000000001,13.0,0.0,41.0,0.0,59.0,59.0,350.0,825.6,-50.0,0.0,0.0,0.0,0.0,400.0,0.0,0.0,0.0,0.0,0.0,0.0,75.0,760.2,1.491,0.0,14.4907908,,0.0,0.0,,,0.0,43.222771514356154,43.055188946552136,-0.0387198726927284,-0.0383365076165627,0.0,-0.0058850272517166,-8.59026,,,,0.0,,,10.999999999999998,14.000000000000002,10.999999999999998,12.0,,23.000000000000004,,7.5,16.0,21.999999999999996,56.00000000000001,35.0,0.0,0.0,0.0,7.360000000000011
19.0,14.1,-11.3,760.2,0.0,0.0,0.0,23.0,53.6,57.2,53.6,55.400000000000006,53.6,-8.59026,53.6,71.6,11265.623055555556,40556243.0,0.0,0.0,5.27916666666667,4.22333333333333,3.959375,24974.5,24705.5,18408.6,17817.2,0.0,0.0,0.0,0.0,760.0,2436.0,3.96,101.0,3.94,17.0,0.0,11265.6230555556,0.0,74.0,60.8,56.3,37.0,69.80000000000001,83.30000000000001,73.4,45.5,0.1999999999999886,100.0,14.5,757.3000000000001,7.56,14.569,19.53,19.82,60.0,2.22,2.23,39.35,239.8,0.0,6.03,6.05,12.08,757.0,0.0,0.0,4.0,902.0,2850.0,26.0,150.8,1.0,37.0,825.6,0.0,66.60000000000001,5.800000000000001,13.0,0.0,41.0,0.0,59.0,59.0,350.0,825.6,-50.0,0.0,0.0,0.0,0.0,400.0,0.0,0.0,0.0,0.0,0.0,0.0,75.0,760.2,1.491,0.0,14.4907908,,0.0,0.0,,,0.0,43.222771514356154,43.055188946552136,-0.0443893745278862,-0.0439498757701844,0.0,-0.0056133681536216,-8.59026,,,,0.0,,0.0,10.999999999999998,14.000000000000002,10.999999999999998,12.0,16.0,23.000000000000004,20.0,7.5,16.0,21.999999999999996,56.00000000000001,35.0,0.0,0.0,0.0,7.360000000000011
20.0,14.1,-11.3,760.2,0.0,0.0,0.0,23.0,53.6,57.2,53.6,55.400000000000006,53.6,-8.59026,53.6,71.6,11265.623055555556,40556243.0,0.0,0.0,5.27916666666667,4.22333333333333,3.959375,24974.5,24705.5,18408.6,17817.2,0.0,0.0,0.0,0.0,760.0,2436.0,3.96,101.0,3.94,17.0,0.0,11265.6230555556,0.0,74.0,60.8,56.3,37.0,69.80000000000001,83.30000000000001,73.4,45.5,0.1999999999999886,100.0,14.5,757.3000000000001,7.56,14.569,19.53,19.82,60.0,2.22,2.23,39.35,239.8,0.0,6.03,6.05,12.08,757.0,0.0,0.0,4.0,902.0,2850.0,26.0,150.8,1.0,37.0,825.6,0.0,66.60000000000001,5.800000000000001,13.0,0.0,41.0,0.0,59.0,59.0,350.0,825.6,-50.0,0.0,0.0,0.0,0.0,400.0,0.0,0.0,0.0,0.0,0.0,0.0,75.0,760.2,1.491,0.0,14.4907908,,0.0,0.0,,,0.0,43.222771514356154,43.055188946552136,-0.0443893745278862,-0.0439498757701844,0.0,-0.0056133681536216,-8.59026,,,,0.0,,0.0,10.999999999999998,14.000000000000002,10.999999999999998,12.0,16.0,23.000000000000004,20.0,7.5,16.0,21.999999999999996,56.00000000000001,35.0,0.0,0.0,0.0,7.360000000000011
21.0,14.1,-11.3,760.2,0.0,0.0,0.0,23.0,53.6,57.2,53.6,55.400000000000006,53.6,-8.59026,53.6,71.6,11265.62361111111,40556245.0,0.0,0.0,5.27916666666667,4.22333333333333,3.959375,24974.5,24705.5,18408.6,17817.2,0.0,0.0,0.0,0.0,760.0,2436.0,3.96,101.0,3.94,17.0,0.0,11265.6236111111,0.0,74.0,60.8,56.3,37.0,69.80000000000001,83.30000000000001,73.4,45.5,0.1999999999999886,100.0,14.5,757.3000000000001,7.56,14.569,19.53,19.82,60.0,1.96,1.9,39.34,239.7,0.0,6.05,6.0600000000000005,12.1,757.4000000000001,0.0,0.0,4.0,902.0,2850.0,26.0,150.8,1.0,37.0,825.6,0.0,66.60000000000001,5.800000000000001,13.0,0.0,41.0,0.0,59.0,59.0,350.0,825.6,-50.0,0.0,0.0,0.0,0.0,400.0,0.0,0.0,0.0,0.0,0.0,0.0,75.0,760.2,1.491,0.0,14.4907908,,0.0,0.0,,,0.0,43.222771514356154,43.055188946552136,-0.048968367075805,-0.0484835317582227,0.0,-0.0045336559880383,-8.59026,,,,0.0,,0.0,10.999999999999998,14.000000000000002,10.999999999999998,12.0,16.0,23.000000000000004,20.0,7.5,16.0,21.999999999999996,56.00000000000001,35.0,0.0,0.0,0.0,7.360000000000011
22.0,14.1,-11.3,760.2,0.0,0.0,0.0,23.0,53.6,57.2,53.6,55.400000000000006,53.6,-8.59026,53.6,71.6,11265.62361111111,40556245.0,0.0,0.0,5.27916666666667,4.22333333333333,3.959375,24974.5,24705.5,18408.6,17817.2,0.0,0.0,0.0,0.0,760.0,2436.0,3.96,101.0,3.94,17.0,0.0,11265.6236111111,0.0,74.0,60.8,56.3,37.0,69.80000000000001,83.30000000000001,73.4,45.5,,,,,,,19.53,19.82,60.0,1.96,1.9,39.34,239.7,0.0,6.05,6.0600000000000005,12.1,757.4000000000001,0.0,0.0,4.0,902.0,2850.0,26.0,150.8,1.0,37.0,825.6,0.0,66.60000000000001,5.800000000000001,13.0,0.0,41.0,0.0,59.0,59.0,350.0,825.6,-50.0,0.0,0.0,0.0,0.0,400.0,0.0,0.0,0.0,0.0,0.0,0.0,75.0,760.2,1.492,0.0,14.4815131,,0.0,0.0,,,0.0,43.222771514356154,43.055188946552136,-0.048968367075805,-0.0484835317582227,0.0,-0.0045336559880383,-8.59026,,,,0.0,,0.0,10.999999999999998,14.000000000000002,10.999999999999998,12.0,16.0,23.000000000000004,20.0,7.5,,,56.00000000000001,35.0,0.0,0.0,0.0,
23.0,14.1,-11.3,760.2,0.0,0.0,0.0,23.0,53.6,57.2,53.6,55.400000000000006,53.6,-8.59026,53.6,71.6,11265.624166666666,40556247.0,0.0,0.0,5.27916666666667,4.22333333333333,3.959375,24974.5,24705.5,18408.6,17817.2,0.0,0.0,0.0,0.0,760.0,2436.0,3.96,101.0,3.94,17.0,0.0,11265.6241666667,0.0,74.0,60.8,56.3,37.0,69.80000000000001,83.30000000000001,73.4,45.5,,,,,,,19.52,19.83,60.0,2.61,2.56,39.36,239.8,0.0,6.04,6.04,12.08,757.1,0.0,0.0,4.0,902.0,2850.0,26.0,150.8,1.0,37.0,825.6,0.0,66.60000000000001,5.800000000000001,13.0,0.0,41.0,0.0,59.0,59.0,350.0,825.6,-50.0,0.0,0.0,0.0,0.0,400.0,0.0,0.0,0.0,0.0,0.0,0.0,75.0,760.2,1.492,0.0,14.4815131,,0.0,0.0,,,0.0,43.222771514356154,43.055188946552136,-0.0536132343522822,-0.0530824102497844,0.0,-0.0045988784915616,-8.59026,,,,0.0,,0.0,10.999999999999998,14.000000000000002,10.999999999999998,12.0,16.0,23.000000000000004,20.0,7.5,,,56.00000000000001,35.0,0.0,0.0,0.0,
24.0,14.1,-11.3,760.2,0.0,0.0,0.0,23.0,53.6,57.2,53.6,55.400000000000006,53.6,-8.59026,53.6,71.6,11265.624166666666,40556247.0,0.0,0.0,5.27916666666667,4.22333333333333,3.959375,24974.5,24705.5,18408.6,17817.2,0.0,0.0,0.0,0.0,760.0,2436.0,3.96,101.0,3.94,17.0,0.0,11265.6241666667,0.0,74.0,60.8,56.3,37.0,69.80000000000001,83.30000000000001,73.4,45.5,,,,,,,19.52,19.83,60.0,2.61,2.56,39.36,239.8,0.0,6.04,6.04,12.08,757.1,0.0,0.0,4.0,902.0,2850.0,26.0,150.8,1.0,37.0,825.6,0.0,66.7,5.800000000000001,13.0,0.0,41.0,0.0,59.0,59.0,350.0,825.6,-50.0,0.0,0.0,0.0,0.0,400.0,0.0,0.0,0.0,0.0,0.0,0.0,75.0,760.3000000000001,1.49,0.0,14.4907908,,0.0,0.0,,,0.0,43.222771514356154,43.055188946552136,-0.0536132343522822,-0.0530824102497844,0.0,-0.0045988784915616,-8.59026,,,,0.0,,0.0,10.999999999999998,14.000000000000002,10.999999999999998,12.0,16.0,23.000000000000004,20.0,7.5,,,56.00000000000001,35.0,0.0,0.0,0.0,
25.0,14.1,-11.3,760.3,0.0,0.0,0.0,23.0,53.6,57.2,53.6,55.400000000000006,53.6,-8.59139,53.6,71.6,11265.624722222225,40556249.0,0.0,0.0,5.27986111111111,4.22388888888889,3.95989583333333,24974.5,24705.5,18408.6,17817.2,0.0,0.0,0.0,0.0,760.0,2436.0,3.96,101.0,3.94,17.0,0.0,11265.6247222222,0.0,74.0,60.8,56.3,37.0,69.80000000000001,83.30000000000001,73.4,45.5,,,,,,,19.53,19.83,60.0,2.31,2.34,39.37,239.8,0.0,6.04,6.05,12.08,757.9000000000001,0.0,0.0,4.0,902.0,2850.0,26.0,150.8,1.0,37.0,825.6,0.0,66.7,5.800000000000001,13.0,0.0,41.0,0.0,59.0,59.0,350.0,825.6,-50.0,0.0,0.0,0.0,0.0,400.0,0.0,0.0,0.0,0.0,0.0,0.0,75.0,760.3000000000001,1.49,0.0,14.4907908,,0.0,0.0,,,0.0,43.222771514356154,43.055188946552136,-0.0584272936076311,-0.05784880555211,0.0,-0.0047663953023255,-8.591389999999999,,,,0.0,,0.0,10.999999999999998,14.000000000000002,10.999999999999998,12.0,16.0,23.000000000000004,20.0,7.5,,,56.00000000000001,35.0,0.0,0.0,0.0,
26.0,14.1,-11.3,760.3,0.0,0.0,0.0,23.0,53.6,57.2,53.6,55.400000000000006,53.6,-8.59139,53.6,71.6,11265.624722222225,40556249.0,0.0,0.0,5.27986111111111,4.22388888888889,3.95989583333333,24974.5,24705.5,18408.6,17817.2,0.0,0.0,0.0,0.0,760.0,2436.0,3.96,101.0,3.94,17.0,0.0,11265.6247222222,0.0,74.0,60.8,56.3,37.0,69.80000000000001,83.30000000000001,73.4,45.5,,,,,,,19.53,19.83,60.0,2.31,2.34,39.37,239.8,0.0,6.04,6.05,12.08,757.9000000000001,0.0,0.0,4.0,902.0,2850.0,26.0,150.8,1.0,37.0,825.6,0.0,66.7,5.800000000000001,13.0,0.0,41.0,0.0,59.0,59.0,350.0,825.6,-50.0,0.0,0.0,0.0,0.0,400.0,0.0,0.0,0.0,0.0,0.0,0.0,75.0,760.3000000000001,1.491,0.0,14.4907908,,0.0,0.0,,,0.0,43.222771514356154,43.055188946552136,-0.0584272936076311,-0.05784880555211,0.0,-0.0047663953023255,-8.591389999999999,,,,0.0,,0.0,10.999999999999998,14.000000000000002,10.999999999999998,12.0,16.0,23.000000000000004,20.0,7.5,,,56.00000000000001,35.0,0.0,0.0,0.0,
27.0,14.1,-11.4,760.4,0.0,0.0,0.0,23.0,53.6,57.2,53.6,55.400000000000006,53.6,-8.66856,53.6,71.6,11265.625277777775,40556251.0,0.0,0.0,5.28055555555556,4.22444444444444,3.96041666666667,24974.5,24705.5,18408.6,17817.2,0.0,0.0,0.0,0.0,760.0,2436.0,3.96,101.0,3.94,17.0,0.0,11265.6252777778,0.0,74.0,,56.3,37.0,69.80000000000001,83.30000000000001,73.4,45.5,0.0900000000000318,100.0,14.5,756.8000000000001,8.03,14.569,19.52,19.84,60.0,3.0500000000000003,3.04,39.37,239.5,0.0,6.0600000000000005,6.04,12.1,757.7,0.0,0.0,4.0,902.0,2850.0,26.0,150.8,1.0,37.0,825.6,0.0,66.7,5.800000000000001,13.0,0.0,41.0,0.0,59.0,59.0,350.0,825.6,-50.0,0.0,0.0,0.0,0.0,400.0,0.0,0.0,0.0,0.0,0.0,0.0,75.0,760.3000000000001,1.491,0.0,14.4907908,,0.0,0.0,,,0.0,43.222771514356154,43.055188946552136,-0.0633454662437801,-0.0627182834096833,0.0,-0.0048694778575733,-8.66856,,,,0.0,,0.0,10.999999999999998,14.000000000000002,10.999999999999998,12.0,,23.000000000000004,,7.5,16.0,21.999999999999996,56.00000000000001,35.0,0.0,0.0,0.0,7.9399999999999675
28.0,14.1,-11.4,760.4,0.0,0.0,0.0,23.0,53.6,57.2,53.6,55.400000000000006,53.6,-8.66856,53.6,71.6,11265.625277777775,40556251.0,0.0,0.0,5.28055555555556,4.22444444444444,3.96041666666667,24974.5,24705.5,18408.6,17817.2,0.0,0.0,0.0,0.0,760.0,2436.0,3.96,101.0,3.94,17.0,0.0,11265.6252777778,0.0,74.0,,56.3,37.0,69.80000000000001,83.30000000000001,73.4,45.5,0.0900000000000318,100.0,14.5,756.8000000000001,8.03,14.569,19.52,19.84,60.0,3.0500000000000003,3.04,39.37,239.5,0.0,6.0600000000000005,6.04,12.1,757.7,0.0,0.0,4.0,902.0,2850.0,26.0,152.60000000000002,1.0,37.0,825.6,0.0,66.7,5.800000000000001,13.0,0.0,41.0,0.0,59.0,59.0,350.0,825.6,-50.0,0.0,0.0,0.0,0.0,400.0,0.0,0.0,0.0,0.0,0.0,0.0,75.0,760.3000000000001,1.491,0.0,14.4907908,,0.0,0.0,,,0.0,43.222771514356154,43.055188946552136,-0.0633454662437801,-0.0627182834096833,0.0,-0.0048694778575733,-8.66856,,,,0.0,,0.0,10.999999999999998,14.000000000000002,10.999999999999998,12.0,,23.000000000000004,,7.5,16.0,21.999999999999996,56.00000000000001,35.0,0.0,0.0,0.0,7.9399999999999675
29.0,14.1,-11.4,760.3,0.0,0.0,0.0,23.0,53.6,57.2,53.6,55.400000000000006,53.6,-8.66742,53.6,71.6,11265.625833333334,40556253.0,0.0,0.0,5.27986111111111,4.22388888888889,3.95989583333333,24974.5,24705.5,18408.6,17817.2,0.0,0.0,0.0,0.0,760.0,2436.0,3.96,101.0,3.94,17.0,0.0,11265.6258333333,0.0,74.0,,56.3,37.0,69.80000000000001,83.30000000000001,73.4,45.5,0.0900000000000318,100.0,14.5,756.8000000000001,8.03,14.569,19.53,19.84,60.0,3.0,2.96,39.37,239.6,0.0,6.04,6.0600000000000005,12.1,757.3000000000001,0.0,0.0,4.0,902.0,2850.0,26.0,152.60000000000002,1.0,37.0,825.6,0.0,66.7,5.800000000000001,13.0,0.0,41.0,0.0,59.0,59.0,350.0,825.6,-50.0,0.0,0.0,0.0,0.0,400.0,0.0,0.0,0.0,0.0,0.0,0.0,75.0,760.3000000000001,1.491,0.0,14.4907908,,0.0,0.0,,,0.0,43.222771514356154,43.055188946552136,-0.0690762788123828,-0.068392355259785,0.0,-0.0056740718501016,-8.66742,,,,0.0,,0.0,10.999999999999998,14.000000000000002,10.999999999999998,12.0,,23.000000000000004,,7.5,16.0,21.999999999999996,56.00000000000001,35.0,0.0,0.0,0.0,7.9399999999999675
30.0,14.1,-11.4,760.3,0.0,0.0,0.0,23.0,53.6,57.2,53.6,55.400000000000006,53.6,-8.66742,53.6,71.6,11265.625833333334,40556253.0,0.0,0.0,5.27986111111111,4.22388888888889,3.95989583333333,24974.5,24705.5,18408.6,17817.2,0.0,0.0,0.0,0.0,760.0,2436.0,3.96,101.0,3.94,17.0,0.0,11265.6258333333,0.0,74.0,,56.3,37.0,69.80000000000001,83.30000000000001,73.4,45.5,0.0600000000000022,100.0,14.5,756.9000000000001,10.39,14.569,19.53,19.84,60.0,3.0,2.96,39.37,239.6,0.0,6.04,6.0600000000000005,12.1,757.3000000000001,0.0,0.0,4.0,902.0,2850.0,26.0,152.60000000000002,1.0,37.0,825.6,0.0,66.7,5.800000000000001,13.0,0.0,41.0,0.0,59.0,59.0,350.0,825.6,-50.0,0.0,0.0,0.0,0.0,400.0,0.0,0.0,0.0,0.0,0.0,0.0,75.0,760.3000000000001,1.491,0.0,14.4907908,,0.0,0.0,,,0.0,43.222771514356154,43.055188946552136,-0.0690762788123828,-0.068392355259785,0.0,-0.0056740718501016,-8.66742,,,,0.0,,0.0,10.999999999999998,14.000000000000002,10.999999999999998,12.0,,23.000000000000004,,7.5,16.0,21.999999999999996,56.00000000000001,35.0,0.0,0.0,0.0,10.329999999999998
31.0,14.1,-11.3,760.3,0.0,0.0,0.0,23.0,53.6,57.2,53.6,55.400000000000006,53.6,-8.59139,53.6,71.6,11265.62611111111,40556254.0,0.0,0.0,5.27986111111111,4.22388888888889,3.95989583333333,24974.5,24705.5,18408.6,17817.2,0.0,0.0,0.0,0.0,760.0,2436.0,3.96,101.0,3.94,17.0,0.0,11265.6261111111,0.0,74.0,,56.3,37.0,69.80000000000001,83.30000000000001,73.4,45.5,0.0600000000000022,100.0,14.5,756.9000000000001,10.39,14.569,19.53,19.84,60.0,3.0,2.96,39.37,239.6,0.0,6.04,6.0600000000000005,12.1,757.3000000000001,0.0,0.0,4.0,902.0,2850.0,26.0,152.60000000000002,1.0,37.0,825.6,0.0,66.7,5.800000000000001,13.0,0.0,41.0,0.0,59.0,59.0,350.0,825.6,-50.0,0.0,0.0,0.0,0.0,400.0,0.0,0.0,0.0,0.0,0.0,0.0,75.0,760.3000000000001,1.491,0.0,14.4907908,,0.0,0.0,,,0.0,43.222771514356154,43.055188946552136,-0.0722934748011657,-0.0715776978229364,0.0,-0.0031853425631513,-8.591389999999999,,,,0.0,,0.0,10.999999999999998,14.000000000000002,10.999999999999998,12.0,,23.000000000000004,,7.5,16.0,21.999999999999996,56.00000000000001,35.0,0.0,0.0,0.0,10.329999999999998
32.0,14.1,-11.3,760.3,0.0,0.0,0.0,23.0,53.6,57.2,53.6,55.400000000000006,53.6,-8.59139,53.6,71.6,11265.62611111111,40556254.0,0.0,0.0,5.27986111111111,4.22388888888889,3.95989583333333,24974.5,24705.5,18408.6,17817.2,0.0,0.0,0.0,0.0,760.0,2436.0,3.96,101.0,3.94,17.0,0.0,11265.6261111111,0.0,74.0,,,,,,,,0.0600000000000022,100.0,14.5,756.9000000000001,10.39,14.569,19.53,19.84,60.0,2.61,2.5500000000000003,39.37,239.7,0.0,6.03,6.0200000000000005,12.05,757.3000000000001,0.0,0.0,4.0,902.0,2850.0,26.0,150.8,1.0,37.0,825.6,0.0,66.7,5.800000000000001,13.0,0.0,41.0,0.0,59.0,59.0,350.0,825.6,-50.0,0.0,0.0,0.0,0.0,400.0,0.0,0.0,0.0,0.0,0.0,0.0,75.0,760.3000000000001,1.491,0.0,14.4907908,,,0.0,,,,,,-0.0722934748011657,-0.0715776978229364,0.0,-0.0031853425631513,-8.591389999999999,,,,0.0,,,10.999999999999998,14.000000000000002,10.999999999999998,12.0,,,,,16.0,21.999999999999996,56.00000000000001,35.0,0.0,,,10.329999999999998
33.0,14.1,-11.2,760.3,0.0,0.0,0.0,23.0,53.6,57.2,53.6,55.400000000000006,53.6,-8.51536,53.6,71.6,11265.626944444444,40556257.0,0.0,0.0,5.27986111111111,4.22388888888889,3.95989583333333,24974.6,24705.5,18408.7,17817.2,0.0,0.0,0.0,0.0,760.0,2436.0,3.96,101.0,3.94,17.0,0.0,11265.6269444444,0.0,74.0,60.8,56.3,37.0,69.80000000000001,83.30000000000001,73.4,45.5,0.0600000000000022,100.0,14.5,756.9000000000001,10.39,14.569,19.53,19.84,60.0,2.61,2.5500000000000003,39.37,239.7,0.0,6.03,6.0200000000000005,12.05,757.3000000000001,0.0,0.0,4.0,902.0,2850.0,26.0,150.8,1.0,37.0,825.6,0.0,66.7,5.800000000000001,13.0,0.0,41.0,0.0,59.0,59.0,350.0,825.6,-50.0,0.0,0.0,0.0,0.0,400.0,0.0,0.0,0.0,0.0,0.0,0.0,75.0,760.3000000000001,1.491,0.0,14.4907908,,0.0,0.0,,,0.0,43.222771514356154,43.055188946552136,-0.0773509234464444,-0.0765850727192519,0.0,-0.0050073748963155,-8.51536,,,,0.0,,0.0,10.999999999999998,14.000000000000002,10.999999999999998,12.0,16.0,23.000000000000004,20.0,7.5,16.0,21.999999999999996,56.00000000000001,35.0,0.0,0.0,0.0,10.329999999999998
34.0,14.1,-11.2,760.3,0.0,0.0,0.0,23.0,53.6,57.2,53.6,55.400000000000006,53.6,-8.51536,53.6,71.6,11265.626944444444,40556257.0,0.0,0.0,5.27986111111111,4.22388888888889,3.95989583333333,24974.6,24705.5,18408.7,17817.2,0.0,0.0,0.0,0.0,760.0,2436.0,3.96,101.0,3.94,17.0,0.0,11265.6269444444,0.0,74.0,60.8,56.3,37.0,69.80000000000001,83.30000000000001,73.4,45.5,0.0600000000000022,100.0,14.5,756.9000000000001,10.39,14.569,19.51,19.81,60.0,2.42,2.45,39.32,239.7,0.0,6.0200000000000005,6.01,12.04,758.2,0.0,0.0,4.0,902.0,2850.0,27.0,152.60000000000002,1.0,37.0,825.6,0.0,66.7,5.800000000000001,13.0,0.0,41.0,0.0,59.0,59.0,350.0,825.6,-50.0,0.0,0.0,0.0,0.0,400.0,0.0,0.0,0.0,0.0,0.0,0.0,75.0,760.3000000000001,1.489,0.0,14.4907908,,0.0,0.0,,,0.0,43.222771514356154,43.055188946552136,-0.0773509234464444,-0.0765850727192519,0.0,-0.0050073748963155,-8.51536,,,,0.0,,0.0,10.999999999999998,14.000000000000002,10.999999999999998,12.0,16.0,23.000000000000004,20.0,7.5,16.0,21.999999999999996,56.00000000000001,35.0,0.0,0.0,0.0,10.329999999999998
35.0,14.1,-11.3,760.3,0.0,0.0,0.0,23.0,53.6,57.2,53.6,55.400000000000006,53.6,-8.59139,53.6,71.6,11265.62722222222,40556258.0,0.0,0.0,5.27986111111111,4.22388888888889,3.95989583333333,24974.6,24705.5,18408.7,17817.2,0.0,0.0,0.0,0.0,760.0,2436.0,3.96,101.0,3.94,17.0,0.0,11265.6272222222,0.0,74.0,60.8,56.3,37.0,69.80000000000001,83.30000000000001,73.4,45.5,,,,,,,19.51,19.81,60.0,2.42,2.45,39.32,239.7,0.0,6.0200000000000005,6.01,12.04,758.2,0.0,0.0,4.0,902.0,2850.0,27.0,152.60000000000002,1.0,37.0,825.6,0.0,66.7,5.800000000000001,13.0,0.0,41.0,0.0,59.0,59.0,350.0,825.6,-50.0,0.0,0.0,0.0,0.0,400.0,0.0,0.0,0.0,0.0,0.0,0.0,75.0,760.3000000000001,1.489,0.0,14.4907908,,0.0,0.0,,,0.0,43.222771514356154,43.055188946552136,-0.0818224654132383,-0.0810123419933052,0.0,-0.0044272692740533,-8.591389999999999,,,,0.0,,0.0,10.999999999999998,14.000000000000002,10.999999999999998,12.0,16.0,23.000000000000004,20.0,7.5,,,56.00000000000001,35.0,0.0,0.0,0.0,
36.0,14.1,-11.3,760.4,0.0,0.0,0.0,23.0,53.6,57.2,53.6,55.400000000000006,53.6,-8.59252,53.6,71.6,11265.627777777778,40556260.0,0.0,0.0,5.28055555555556,4.22444444444444,3.96041666666667,24974.6,24705.5,18408.7,17817.2,0.0,0.0,0.0,0.0,760.0,2437.0,3.96,148.0,3.94,17.0,0.0,11265.6277777778,0.0,74.0,60.8,56.3,37.0,69.80000000000001,83.30000000000001,73.4,45.5,,,,,,,19.54,19.84,60.0,2.52,2.51,39.37,239.7,0.0,6.04,6.03,12.07,757.2,0.0,0.0,4.0,902.0,2850.0,27.0,152.60000000000002,1.0,37.0,825.6,0.0,66.60000000000001,5.800000000000001,13.0,0.0,41.0,0.0,59.0,59.0,350.0,825.6,-50.0,0.0,0.0,0.0,0.0,400.0,0.0,0.0,0.0,0.0,0.0,0.0,75.0,760.3000000000001,1.491,0.0,14.4907908,,0.0,0.0,,,0.0,43.222771514356154,43.055188946552136,-0.0864818949183073,-0.0856256385329775,0.0,-0.0046132965396722,-8.59252,,,,0.0,,0.0,10.999999999999998,14.000000000000002,10.999999999999998,12.0,16.0,23.000000000000004,20.0,7.5,,,56.00000000000001,35.0,0.0,0.0,0.0,
37.0,14.1,-11.3,760.4,0.0,0.0,0.0,23.0,53.6,57.2,53.6,55.400000000000006,53.6,-8.59252,53.6,71.6,11265.627777777778,40556260.0,0.0,0.0,5.28055555555556,4.22444444444444,3.96041666666667,24974.6,24705.5,18408.7,17817.2,0.0,0.0,0.0,0.0,760.0,2437.0,3.96,148.0,3.94,17.0,0.0,11265.6277777778,0.0,74.0,60.8,56.3,37.0,69.80000000000001,83.30000000000001,73.4,45.5,,,,,,,19.54,19.84,60.0,2.52,2.51,39.37,239.7,0.0,6.04,6.03,12.07,757.2,0.0,0.0,4.0,902.0,2850.0,27.0,152.60000000000002,1.0,37.0,825.6,0.0,66.60000000000001,5.800000000000001,13.0,0.0,41.0,0.0,59.0,59.0,350.0,825.6,-50.0,0.0,0.0,0.0,0.0,400.0,0.0,0.0,0.0,0.0,0.0,0.0,75.0,760.3000000000001,1.491,0.0,14.4907908,,0.0,0.0,,,0.0,43.222771514356154,43.055188946552136,-0.0864818949183073,-0.0856256385329775,0.0,-0.0046132965396722,-8.59252,,,,0.0,,0.0,10.999999999999998,14.000000000000002,10.999999999999998,12.0,16.0,23.000000000000004,20.0,7.5,,,56.00000000000001,35.0,0.0,0.0,0.0,
38.0,14.1,-11.3,760.4,0.0,0.0,0.0,23.0,53.6,57.2,53.6,55.400000000000006,53.6,-8.59252,55.400000000000006,71.6,11265.628333333334,40556262.0,0.0,0.0,5.28055555555556,4.22444444444444,3.96041666666667,24974.6,24705.5,18408.7,17817.2,0.0,0.0,0.0,0.0,760.0,2437.0,3.96,101.0,3.94,17.0,0.0,11265.6283333333,0.0,74.0,60.8,,,,,,,,,,,,,19.5,19.83,60.0,3.02,3.01,39.33,239.6,0.0,6.04,6.05,12.08,757.3000000000001,0.0,0.0,4.0,902.0,2850.0,27.0,152.60000000000002,1.0,37.0,825.6,0.0,66.7,5.800000000000001,13.0,0.0,41.0,0.0,59.0,59.0,350.0,825.6,-50.0,0.0,0.0,0.0,0.0,400.0,0.0,0.0,0.0,0.0,0.0,0.0,75.0,760.4000000000001,1.49,0.0,14.4907908,,,0.0,,,,,,-0.0908218337311042,-0.0899226076545586,0.0,-0.0042969691215811,-8.59252,,,,0.0,,,10.999999999999998,14.000000000000002,10.999999999999998,13.000000000000004,16.0,,20.0,,,,56.00000000000001,35.0,0.0,,,
39.0,14.1,-11.3,760.4,0.0,0.0,0.0,23.0,53.6,57.2,53.6,55.400000000000006,53.6,-8.59252,55.400000000000006,71.6,11265.628333333334,40556262.0,0.0,0.0,5.28055555555556,4.22444444444444,3.96041666666667,24974.6,24705.5,18408.7,17817.2,0.0,0.0,0.0,0.0,760.0,2437.0,3.96,101.0,3.94,17.0,0.0,11265.6283333333,0.0,74.0,60.8,,,,,,,,,,,,,19.5,19.83,60.0,3.02,3.01,39.33,239.6,0.0,6.04,6.05,12.08,757.3000000000001,0.0,0.0,4.0,902.0,2850.0,27.0,152.60000000000002,1.0,37.0,825.6,0.0,66.7,5.800000000000001,13.0,0.0,41.0,0.0,59.0,59.0,350.0,825.6,-50.0,0.0,0.0,0.0,0.0,400.0,0.0,0.0,0.0,0.0,0.0,0.0,75.0,760.4000000000001,1.49,0.0,14.4907908,,,0.0,,,,,,-0.0908218337311042,-0.0899226076545586,0.0,-0.0042969691215811,-8.59252,,,,0.0,,,10.999999999999998,14.000000000000002,10.999999999999998,13.000000000000004,16.0,,20.0,,,,56.00000000000001,35.0,0.0,,,
40.0,14.1,-11.4,760.4,0.0,0.0,0.0,23.0,53.6,57.2,53.6,55.400000000000006,53.6,-8.66856,55.400000000000006,71.6,11265.628888888888,40556264.0,0.0,0.0,5.28055555555556,4.22444444444444,3.96041666666667,24974.6,24705.5,18408.7,17817.2,0.0,0.0,0.0,0.0,760.0,2437.0,3.96,101.0,3.94,17.0,0.0,11265.6288888889,0.0,74.0,60.8,,,,,,,,,,,,,19.53,19.84,60.0,2.83,2.77,39.37,239.7,0.0,6.03,6.04,12.07,757.1,0.0,0.0,4.0,902.0,2850.0,27.0,152.60000000000002,1.0,37.0,825.6,0.0,66.7,5.800000000000001,13.0,0.0,41.0,0.0,59.0,59.0,350.0,825.6,-50.0,0.0,0.0,0.0,0.0,400.0,0.0,0.0,0.0,0.0,0.0,0.0,75.0,760.4000000000001,1.489,0.0,14.4907908,,,0.0,,,,,,-0.0960744003264793,-0.0951231686400786,0.0,-0.0052005609855199,-8.66856,,,,0.0,,,10.999999999999998,14.000000000000002,10.999999999999998,13.000000000000004,16.0,,20.0,,,,56.00000000000001,36.0,0.0,,,
41.0,14.1,-11.4,760.4,0.0,0.0,0.0,23.0,53.6,57.2,53.6,55.400000000000006,53.6,-8.66856,55.400000000000006,71.6,11265.628888888888,40556264.0,0.0,0.0,5.28055555555556,4.22444444444444,3.96041666666667,24974.6,24705.5,18408.7,17817.2,0.0,0.0,0.0,0.0,760.0,2437.0,3.96,101.0,3.94,17.0,0.0,11265.6288888889,0.0,74.0,60.8,56.3,37.0,69.80000000000001,83.30000000000001,73.4,45.5,0.0500000000000113,100.0,14.5,756.6,8.43,14.568,19.53,19.84,60.0,2.83,2.77,39.37,239.7,0.0,6.03,6.04,12.07,757.1,0.0,0.0,4.0,902.0,2850.0,27.0,152.60000000000002,1.0,37.0,825.6,0.0,66.7,5.800000000000001,13.0,0.0,41.0,0.0,59.0,59.0,350.0,825.6,-50.0,0.0,0.0,0.0,0.0,400.0,0.0,0.0,0.0,0.0,0.0,0.0,75.0,760.4000000000001,1.489,0.0,14.4907908,,0.0,0.0,,,0.0,43.222771514356154,43.055188946552136,-0.0960744003264793,-0.0951231686400786,0.0,-0.0052005609855199,-8.66856,,,,0.0,,0.0,10.999999999999998,14.000000000000002,10.999999999999998,13.000000000000004,16.0,23.000000000000004,20.0,7.5,16.0,21.999999999999996,56.00000000000001,36.0,0.0,0.0,0.0,8.379999999999988
42.0,14.1,-11.4,760.4,0.0,0.0,0.0,23.0,53.6,57.2,53.6,55.400000000000006,53.6,-8.66856,55.400000000000006,71.6,11265.628888888888,40556264.0,0.0,0.0,5.28055555555556,4.22444444444444,3.96041666666667,24974.6,24705.5,18408.7,17817.2,0.0,0.0,0.0,0.0,760.0,2437.0,3.96,101.0,3.94,17.0,0.0,11265.6288888889,0.0,74.0,60.8,56.3,37.0,69.80000000000001,83.30000000000001,73.4,45.5,0.0500000000000113,100.0,14.5,756.6,8.43,14.568,19.53,19.84,60.0,2.83,2.77,39.37,239.7,0.0,6.03,6.04,12.07,757.1,0.0,0.0,4.0,902.0,2850.0,27.0,152.60000000000002,1.0,37.0,825.6,0.0,66.7,5.800000000000001,13.0,0.0,41.0,0.0,59.0,59.0,350.0,825.6,-50.0,0.0,0.0,0.0,0.0,400.0,0.0,0.0,0.0,0.0,0.0,0.0,75.0,760.4000000000001,1.489,0.0,14.4907908,,0.0,0.0,,,0.0,43.222771514356154,43.055188946552136,-0.0960744003264793,-0.0951231686400786,,-0.0052005609855199,-8.66856,,,,0.0,,0.0,10.999999999999998,14.000000000000002,10.999999999999998,13.000000000000004,16.0,23.000000000000004,20.0,7.5,16.0,21.999999999999996,56.00000000000001,36.0,0.0,0.0,0.0,8.379999999999988
43.0,14.1,-11.4,760.4,0.0,0.0,0.0,23.0,53.6,57.2,53.6,55.400000000000006,53.6,-8.66856,55.400000000000006,71.6,11265.628888888888,40556264.0,0.0,0.0,5.28055555555556,4.22444444444444,3.96041666666667,24974.6,24705.5,18408.7,17817.2,0.0,0.0,0.0,0.0,760.0,2437.0,3.96,101.0,3.94,17.0,0.0,11265.6288888889,0.0,74.0,,56.3,37.0,69.80000000000001,83.30000000000001,73.4,45.5,0.0500000000000113,100.0,14.5,756.6,8.43,14.568,19.53,19.84,60.0,2.68,2.66,39.36,239.6,0.0,6.0200000000000005,6.01,12.04,758.0,0.0,0.0,4.0,902.0,2850.0,27.0,152.60000000000002,1.0,37.0,825.6,0.0,66.60000000000001,5.800000000000001,13.0,0.0,41.0,0.0,59.0,59.0,350.0,825.6,-50.0,0.0,0.0,0.0,0.0,400.0,0.0,0.0,0.0,0.0,0.0,0.0,75.0,760.4000000000001,1.49,0.0,14.4907908,255.0,0.0,0.0,0.0,0.0,0.0,43.222771514356154,43.055188946552136,-0.0960744003264793,-0.0951231686400786,,-0.0052005609855199,-8.66856,73.72549019607843,0.0,0.0,0.0,14.4,0.0,10.999999999999998,14.000000000000002,10.999999999999998,13.000000000000004,,23.000000000000004,,7.5,16.0,21.999999999999996,56.00000000000001,35.0,0.0,0.0,0.0,8.379999999999988
44.0,14.1,-11.3,760.3,0.0,0.0,0.0,23.0,53.6,57.2,53.6,55.400000000000006,53.6,-8.59139,55.400000000000006,71.6,11265.63,40556268.0,0.0,0.0,5.27986111111111,4.22388888888889,3.95989583333333,24974.6,24705.5,18408.7,17817.2,0.0,0.0,0.0,0.0,760.0,2437.0,3.96,101.0,3.94,17.0,0.0,11265.63,0.0,74.0,60.8,56.3,37.0,69.80000000000001,83.30000000000001,72.5,45.5,0.0500000000000113,100.0,14.5,756.6,8.43,14.568,19.53,19.84,60.0,2.68,2.66,39.36,239.6,0.0,6.0200000000000005,6.01,12.04,758.0,0.0,0.0,4.0,902.0,2850.0,27.0,152.60000000000002,1.0,37.0,825.6,0.0,66.60000000000001,5.800000000000001,13.0,0.0,41.0,0.0,59.0,59.0,350.0,825.6,-50.0,0.0,0.0,0.0,0.0,400.0,0.0,0.0,0.0,0.0,0.0,0.0,75.0,760.4000000000001,1.49,0.0,14.4907908,255.0,0.0,0.0,0.0,0.0,0.0,43.222771514356154,43.055188946552136,-0.104973159627601,-0.1039338214134663,0.0,-0.0010878670986705,-8.591389999999999,73.72549019607843,0.0,0.0,0.0,14.4,0.0,10.999999999999998,14.000000000000002,10.999999999999998,13.000000000000004,16.0,22.5,20.0,7.5,16.0,21.999999999999996,56.00000000000001,35.0,0.0,0.0,0.0,8.379999999999988
45.0,14.1,-11.3,760.3,0.0,0.0,0.0,23.0,53.6,57.2,53.6,55.400000000000006,53.6,-8.59139,55.400000000000006,71.6,11265.63,40556268.0,0.0,0.0,5.27986111111111,4.22388888888889,3.95989583333333,24974.6,24705.5,18408.7,17817.2,0.0,0.0,0.0,0.0,760.0,2437.0,3.96,101.0,3.94,17.0,0.0,11265.63,0.0,74.0,60.8,56.3,37.0,69.80000000000001,83.30000000000001,72.5,45.5,0.0500000000000113,100.0,14.5,756.8000000000001,9.71,14.568,19.53,19.84,60.0,2.68,2.66,39.36,239.6,0.0,6.0200000000000005,6.01,12.04,758.0,0.0,0.0,4.0,902.0,2850.0,27.0,152.60000000000002,1.0,37.0,825.6,0.0,66.60000000000001,5.800000000000001,13.0,0.0,41.0,0.0,59.0,59.0,350.0,825.6,-50.0,0.0,0.0,0.0,0.0,400.0,0.0,0.0,0.0,0.0,0.0,0.0,75.0,760.4000000000001,1.49,0.0,14.4907908,255.0,0.0,0.0,0.0,0.0,0.0,43.222771514356154,43.055188946552136,-0.104973159627601,-0.1039338214134663,0.0,-0.0010878670986705,-8.591389999999999,73.72549019607843,0.0,0.0,0.0,14.4,0.0,10.999999999999998,14.000000000000002,10.999999999999998,13.000000000000004,16.0,22.5,20.0,7.5,16.0,21.999999999999996,56.00000000000001,35.0,0.0,0.0,0.0,9.65999999999999
46.0,14.1,-11.3,760.3,0.0,0.0,0.0,23.0,53.6,57.2,53.6,55.400000000000006,53.6,-8.59139,55.400000000000006,71.6,11265.63,40556268.0,0.0,0.0,5.27986111111111,4.22388888888889,3.95989583333333,24974.6,24705.5,18408.7,17817.2,0.0,0.0,0.0,0.0,760.0,2437.0,3.96,101.0,3.94,17.0,0.0,11265.63,0.0,74.0,60.8,56.3,37.0,69.80000000000001,83.30000000000001,72.5,45.5,0.0500000000000113,100.0,14.5,756.8000000000001,9.71,14.568,19.53,19.82,60.0,2.01,1.98,39.35,239.5,0.0,6.03,6.05,12.08,757.2,0.0,0.0,4.0,902.0,2850.0,27.0,152.60000000000002,1.0,37.0,825.6,0.0,66.7,5.800000000000001,13.0,0.0,41.0,0.0,59.0,59.0,350.0,825.6,-50.0,0.0,0.0,0.0,0.0,400.0,0.0,0.0,0.0,0.0,0.0,0.0,75.0,760.3000000000001,1.489,0.0,14.4907908,255.0,0.0,0.0,0.0,0.0,0.0,43.222771514356154,43.055188946552136,-0.104973159627601,-0.1039338214134663,0.0,-0.0010878670986705,-8.591389999999999,73.72549019607843,0.0,0.0,0.0,14.4,0.0,10.999999999999998,14.000000000000002,10.999999999999998,13.000000000000004,16.0,22.5,20.0,7.5,16.0,21.999999999999996,56.00000000000001,36.0,0.0,0.0,0.0,9.65999999999999
47.0,14.1,-11.2,760.3,0.0,0.0,0.0,23.0,53.6,57.2,53.6,55.400000000000006,53.6,-8.51536,55.400000000000006,71.6,11265.630833333333,40556271.0,0.0,0.0,5.27986111111111,4.22388888888889,3.95989583333333,24974.6,24705.5,18408.7,17817.2,0.0,0.0,0.0,0.0,760.0,2437.0,3.96,101.0,3.94,17.0,0.0,11265.6308333333,0.0,74.5,60.8,56.3,37.0,69.80000000000001,83.30000000000001,72.5,45.5,0.0500000000000113,100.0,14.5,756.8000000000001,9.71,14.568,19.53,19.82,60.0,2.01,1.98,39.35,239.5,0.0,6.03,6.05,12.08,757.2,0.0,0.0,4.0,902.0,2850.0,27.0,152.60000000000002,1.0,37.0,825.6,0.0,66.7,5.800000000000001,13.0,0.0,41.0,0.0,59.0,59.0,350.0,825.6,-50.0,0.0,0.0,0.0,0.0,400.0,0.0,0.0,0.0,0.0,0.0,0.0,75.0,760.3000000000001,1.489,0.0,14.4907908,255.0,0.0,0.0,0.0,0.0,0.0,43.222771514356154,43.055188946552136,-0.1122813046285329,-0.1111696085431019,0.0,-0.0072357871296355,-8.51536,74.11764705882354,,,0.0,14.4,0.0,10.999999999999998,14.000000000000002,10.999999999999998,13.000000000000004,16.0,22.5,20.0,7.5,16.0,21.999999999999996,56.00000000000001,36.0,0.0,0.0,0.0,9.65999999999999
48.0,14.1,-11.2,760.3,0.0,0.0,0.0,23.0,53.6,57.2,53.6,55.400000000000006,53.6,-8.51536,55.400000000000006,71.6,11265.630833333333,40556271.0,0.0,0.0,5.27986111111111,4.22388888888889,3.95989583333333,24974.6,24705.5,18408.7,17817.2,0.0,0.0,0.0,0.0,760.0,2437.0,3.96,101.0,3.94,17.0,0.0,11265.6308333333,0.0,74.5,60.8,56.3,37.0,69.80000000000001,83.30000000000001,72.5,45.5,0.0400000000000204,100.0,14.5,757.1,9.09,14.568,19.53,19.82,60.0,2.01,1.98,39.35,239.5,0.0,6.03,6.05,12.08,757.2,0.0,0.0,4.0,902.0,2850.0,27.0,152.60000000000002,1.0,37.0,825.6,0.0,66.7,5.800000000000001,13.0,0.0,41.0,0.0,59.0,59.0,350.0,825.6,-50.0,0.0,0.0,0.0,0.0,400.0,0.0,0.0,0.0,0.0,0.0,0.0,75.0,760.3000000000001,1.489,0.0,14.4907908,255.0,0.0,0.0,0.0,0.0,0.0,43.222771514356154,43.055188946552136,-0.1122813046285329,-0.1111696085431019,0.0,-0.0072357871296355,-8.51536,74.11764705882354,,,0.0,14.4,0.0,10.999999999999998,14.000000000000002,10.999999999999998,13.000000000000004,16.0,22.5,20.0,7.5,16.0,21.999999999999996,56.00000000000001,36.0,0.0,0.0,0.0,9.04999999999998
49.0,14.1,-11.2,760.3,0.0,0.0,0.0,23.0,53.6,57.2,53.6,55.400000000000006,53.6,-8.51536,55.400000000000006,71.6,11265.630833333333,40556271.0,0.0,0.0,5.27986111111111,4.22388888888889,3.95989583333333,24974.6,24705.5,18408.7,17817.2,0.0,0.0,0.0,0.0,760.0,2437.0,3.96,101.0,3.94,17.0,0.0,11265.6308333333,0.0,74.5,,56.3,37.0,69.80000000000001,83.30000000000001,72.5,45.5,0.0400000000000204,100.0,14.5,757.1,9.09,14.568,19.5,19.83,60.0,2.94,2.91,39.32,239.6,0.0,6.03,6.05,12.08,757.2,0.0,0.0,4.0,902.0,2850.0,27.0,152.60000000000002,1.0,37.0,825.6,0.0,66.7,5.800000000000001,13.0,0.0,41.0,0.0,59.0,59.0,350.0,825.6,-50.0,0.0,0.0,0.0,0.0,400.0,0.0,0.0,0.0,0.0,0.0,0.0,75.5,760.4000000000001,1.49,0.0,14.4907908,255.0,0.0,0.0,0.0,0.0,0.0,43.222771514356154,43.055188946552136,-0.1122813046285329,-0.1111696085431019,0.0,-0.0072357871296355,-8.51536,74.11764705882354,,,0.0,14.4,0.0,10.999999999999998,14.000000000000002,10.999999999999998,13.000000000000004,,22.5,,7.5,16.0,21.999999999999996,56.00000000000001,36.0,0.0,0.0,0.0,9.04999999999998
50.0,14.1,-11.4,760.4,0.0,0.0,0.0,23.0,53.6,57.2,53.6,55.400000000000006,53.6,-8.66856,55.400000000000006,71.6,11265.631666666666,40556274.0,0.0,0.0,5.28055555555556,4.22444444444444,3.96041666666667,24974.6,24705.5,18408.7,17817.2,0.0,0.0,0.0,0.0,760.0,2437.0,3.96,101.0,3.94,17.0,0.0,11265.6316666667,0.0,74.5,60.8,,,,,,,0.0400000000000204,100.0,14.5,757.1,9.09,14.568,19.5,19.83,60.0,2.94,2.91,39.32,239.6,0.0,6.03,6.05,12.08,757.2,0.0,0.0,4.0,902.0,2850.0,27.0,152.60000000000002,1.0,37.0,825.6,0.0,66.7,5.800000000000001,13.0,0.0,41.0,0.0,59.0,59.0,350.0,825.6,-50.0,0.0,0.0,0.0,0.0,400.0,0.0,0.0,0.0,0.0,0.0,0.0,75.5,760.4000000000001,1.49,0.0,14.4907908,255.0,,0.0,0.0,0.0,,,,-0.1191881967681421,-0.1180081156120219,0.0,-0.0068385070689199,-8.66856,74.11764705882354,,,0.0,14.4,,10.999999999999998,14.000000000000002,10.999999999999998,13.000000000000004,16.0,,20.0,,16.0,21.999999999999996,56.00000000000001,36.0,0.0,,,9.04999999999998
51.0,14.1,-11.4,760.4,0.0,0.0,0.0,23.0,53.6,57.2,53.6,55.400000000000006,53.6,-8.66856,55.400000000000006,71.6,11265.631666666666,40556274.0,0.0,0.0,5.28055555555556,4.22444444444444,3.96041666666667,24974.6,24705.5,18408.7,17817.2,0.0,0.0,0.0,0.0,760.0,2437.0,3.96,101.0,3.94,17.0,0.0,11265.6316666667,0.0,74.5,60.8,,,,,,,0.0400000000000204,100.0,14.5,757.1,9.09,14.568,19.5,19.83,60.0,2.94,2.91,39.32,239.6,0.0,6.03,6.05,12.08,757.2,0.0,0.0,4.0,902.0,2850.0,27.0,152.60000000000002,1.0,37.0,825.6,0.0,66.7,5.800000000000001,13.0,0.0,41.0,0.0,59.0,59.0,350.0,825.6,-50.0,0.0,0.0,0.0,0.0,400.0,0.0,0.0,0.0,0.0,0.0,0.0,75.5,760.5,1.49,0.0,14.4907908,255.0,,0.0,0.0,0.0,,,,-0.1191881967681421,-0.1180081156120219,0.0,-0.0068385070689199,-8.66856,74.11764705882354,,,0.0,14.4,,10.999999999999998,14.000000000000002,10.999999999999998,13.000000000000004,16.0,,20.0,,16.0,21.999999999999996,56.00000000000001,36.0,0.0,,,9.04999999999998
52.0,14.1,-11.4,760.5,0.0,0.0,0.0,23.0,53.6,57.2,53.6,55.400000000000006,53.6,-8.6697,55.400000000000006,71.6,11265.632222222222,40556276.0,0.0,0.0,5.28125,4.225,3.9609375,24974.6,24705.5,18408.7,17817.2,0.0,0.0,0.0,0.0,760.0,2437.0,3.96,25.0,3.94,17.0,0.0,11265.6322222222,0.0,74.5,60.8,56.3,37.0,69.80000000000001,83.30000000000001,72.5,45.5,,,,,,,19.52,19.84,60.0,2.65,2.59,39.36,239.7,0.0,6.0200000000000005,6.03,12.05,758.0,0.0,0.0,4.0,902.0,2850.0,27.0,152.60000000000002,1.0,37.0,825.6,0.0,66.7,5.800000000000001,13.0,0.0,41.0,0.0,59.0,59.0,350.0,825.6,-50.0,0.0,0.0,0.0,0.0,400.0,0.0,0.0,0.0,0.0,0.0,0.0,75.5,760.5,1.49,0.0,14.4907908,255.0,0.0,0.0,0.0,0.0,0.0,43.222771514356154,43.055188946552136,-0.1247166886029106,-0.1234818699038719,,-0.00547375429185,-8.6697,74.11764705882354,,,0.0,14.4,0.0,10.999999999999998,14.000000000000002,10.999999999999998,13.000000000000004,16.0,22.5,20.0,7.5,,,56.00000000000001,36.0,0.0,0.0,0.0,
53.0,14.1,-11.4,760.5,0.0,0.0,0.0,23.0,53.6,57.2,53.6,55.400000000000006,53.6,-8.6697,55.400000000000006,71.6,11265.632222222222,40556276.0,0.0,0.0,5.28125,4.225,3.9609375,24974.6,24705.5,18408.7,17817.2,0.0,0.0,0.0,0.0,760.0,2437.0,3.96,25.0,3.94,17.0,0.0,11265.6322222222,0.0,74.5,60.8,56.3,37.0,69.80000000000001,83.30000000000001,72.5,45.5,,,,,,,19.52,19.84,60.0,2.65,2.59,39.36,239.7,0.0,6.0200000000000005,6.03,12.05,758.0,0.0,0.0,4.0,902.0,2850.0,27.0,152.60000000000002,1.0,37.0,825.6,0.0,66.7,5.800000000000001,13.0,0.0,41.0,0.0,59.0,59.0,350.0,825.6,-50.0,0.0,0.0,0.0,0.0,400.0,0.0,0.0,0.0,0.0,0.0,0.0,75.5,760.5,1.49,0.0,14.4898142,255.0,0.0,0.0,0.0,0.0,0.0,43.222771514356154,43.055188946552136,-0.1247166886029106,-0.1234818699038719,,-0.00547375429185,-8.6697,74.11764705882354,,,0.0,14.4,0.0,10.999999999999998,14.000000000000002,10.999999999999998,13.000000000000004,16.0,22.5,20.0,7.5,,,56.00000000000001,36.0,0.0,0.0,0.0,
54.0,14.1,-11.4,760.4,0.0,0.0,0.0,23.0,53.6,57.2,53.6,55.400000000000006,53.6,-8.66856,55.400000000000006,71.6,11265.632777777775,40556278.0,0.0,0.0,5.28055555555556,4.22444444444444,3.96041666666667,24974.6,24705.5,18408.7,17817.2,0.0,0.0,0.0,0.0,760.0,2434.0,3.96,101.0,3.94,17.0,0.0,11265.6327777778,0.0,74.5,60.8,56.3,37.0,69.80000000000001,83.30000000000001,72.5,45.5,,,,,,,19.52,19.85,60.0,2.96,2.92,39.36,239.6,0.0,6.03,6.05,12.08,757.4000000000001,0.0,0.0,4.0,902.0,2850.0,27.0,152.60000000000002,1.0,37.0,825.6,0.0,66.60000000000001,5.800000000000001,13.0,0.0,41.0,0.0,59.0,59.0,350.0,825.6,-50.0,0.0,0.0,0.0,0.0,400.0,0.0,0.0,0.0,0.0,0.0,0.0,75.5,760.5,1.49,0.0,14.4898142,255.0,0.0,0.0,0.0,0.0,0.0,43.222771514356154,43.055188946552136,-0.1299717582257224,-0.1286849091343786,0.0,-0.0052030392305066,-8.66856,74.11764705882354,,,0.0,14.5,0.0,10.999999999999998,14.000000000000002,10.999999999999998,13.000000000000004,16.0,22.5,20.0,7.5,,,56.00000000000001,36.0,0.0,0.0,0.0,
55.0,14.1,-11.4,760.4,0.0,0.0,0.0,23.0,53.6,57.2,53.6,55.400000000000006,53.6,-8.66856,55.400000000000006,71.6,11265.632777777775,40556278.0,0.0,0.0,5.28055555555556,4.22444444444444,3.96041666666667,24974.6,24705.5,18408.7,17817.2,0.0,0.0,0.0,0.0,760.0,2434.0,3.96,101.0,3.94,17.0,0.0,11265.6327777778,0.0,74.5,60.8,56.3,37.0,69.80000000000001,83.30000000000001,72.5,45.5,0.2099999999999795,100.0,14.5,756.4000000000001,7.95,14.567,19.52,19.85,60.0,2.96,2.92,39.36,239.6,0.0,6.03,6.05,12.08,757.4000000000001,0.0,0.0,4.0,902.0,2850.0,27.0,152.60000000000002,1.0,37.0,825.6,0.0,66.60000000000001,5.800000000000001,13.0,0.0,41.0,0.0,59.0,59.0,350.0,825.6,-50.0,0.0,0.0,0.0,0.0,400.0,0.0,0.0,0.0,0.0,0.0,0.0,75.5,760.5,1.49,0.0,14.4898142,255.0,0.0,0.0,0.0,0.0,0.0,43.222771514356154,43.055188946552136,-0.1299717582257224,-0.1286849091343786,0.0,-0.0052030392305066,-8.66856,74.11764705882354,,,0.0,14.5,0.0,10.999999999999998,14.000000000000002,10.999999999999998,13.000000000000004,16.0,22.5,20.0,7.5,16.0,21.999999999999996,56.00000000000001,36.0,0.0,0.0,0.0,7.740000000000021
56.0,14.1,-11.4,760.4,0.0,0.0,0.0,23.0,53.6,57.2,53.6,55.400000000000006,53.6,-8.66856,55.400000000000006,71.6,11265.632777777775,40556278.0,0.0,0.0,5.28055555555556,4.22444444444444,3.96041666666667,24974.6,24705.5,18408.7,17817.2,0.0,0.0,0.0,0.0,760.0,2434.0,3.96,101.0,3.94,17.0,0.0,11265.6327777778,0.0,74.5,60.8,56.3,37.0,69.80000000000001,83.30000000000001,72.5,45.5,0.2099999999999795,100.0,14.5,756.4000000000001,7.95,14.567,19.52,19.85,60.0,2.96,2.92,39.36,239.6,0.0,6.03,6.05,12.08,757.4000000000001,0.0,0.0,4.0,902.0,2850.0,27.0,152.60000000000002,1.0,37.0,825.6,0.0,66.60000000000001,5.800000000000001,13.0,0.0,41.0,0.0,59.0,59.0,350.0,825.6,-50.0,0.0,0.0,0.0,0.0,400.0,0.0,0.0,0.0,0.0,0.0,0.0,75.5,760.4000000000001,1.49,0.0,14.4898142,255.0,0.0,0.0,0.0,0.0,0.0,43.222771514356154,43.055188946552136,-0.1299717582257224,-0.1286849091343786,0.0,-0.0052030392305066,-8.66856,74.11764705882354,,,0.0,14.5,0.0,10.999999999999998,14.000000000000002,10.999999999999998,13.000000000000004,16.0,22.5,20.0,7.5,16.0,21.999999999999996,56.00000000000001,36.0,0.0,0.0,0.0,7.740000000000021
57.0,14.1,-11.3,760.4,0.0,0.0,0.0,23.0,53.6,57.2,53.6,55.400000000000006,53.6,-8.59252,55.400000000000006,71.6,11265.63361111111,40556281.0,0.0,0.0,5.28055555555556,4.22444444444444,3.96041666666667,24974.6,24705.5,18408.7,17817.2,0.0,0.0,0.0,0.0,760.0,2434.0,3.96,101.0,3.94,17.0,0.0,11265.6336111111,0.0,74.5,60.8,56.3,37.0,69.80000000000001,83.30000000000001,72.5,45.5,0.2099999999999795,100.0,14.5,756.4000000000001,7.95,14.567,19.5,19.82,60.0,2.62,2.56,39.32,239.8,0.0,6.0200000000000005,6.0200000000000005,12.04,757.5,0.0,0.0,4.0,902.0,2850.0,27.0,152.60000000000002,1.0,37.0,825.6,0.0,66.60000000000001,5.800000000000001,13.0,0.0,41.0,0.0,59.0,59.0,350.0,825.6,-50.0,0.0,0.0,0.0,0.0,400.0,0.0,0.0,0.0,0.0,0.0,0.0,75.5,760.4000000000001,1.49,0.0,14.4898142,255.0,0.0,0.0,0.0,0.0,0.0,43.222771514356154,43.055188946552136,-0.1366447422649332,-0.1352918240246864,0.0,-0.0066069148903077,-8.59252,74.11764705882354,,,0.0,14.4,0.0,10.999999999999998,14.000000000000002,10.999999999999998,13.000000000000004,16.0,22.5,20.0,7.5,16.0,21.999999999999996,56.00000000000001,36.0,0.0,0.0,0.0,7.740000000000021
58.0,14.1,-11.3,760.4,0.0,0.0,0.0,23.0,53.6,57.2,53.6,55.400000000000006,53.6,-8.59252,55.400000000000006,71.6,11265.63361111111,40556281.0,0.0,0.0,5.28055555555556,4.22444444444444,3.96041666666667,24974.6,24705.5,18408.7,17817.2,0.0,0.0,0.0,0.0,760.0,2434.0,3.96,101.0,3.94,17.0,0.0,11265.6336111111,0.0,74.5,60.8,56.3,37.0,69.80000000000001,83.30000000000001,72.5,45.5,0.2099999999999795,100.0,14.5,756.4000000000001,7.95,14.567,19.5,19.82,60.0,2.62,2.56,39.32,239.8,0.0,6.0200000000000005,6.0200000000000005,12.04,757.5,0.0,0.0,4.0,902.0,2850.0,27.0,152.60000000000002,1.0,37.0,825.6,0.0,66.60000000000001,5.800000000000001,13.0,0.0,41.0,0.0,59.0,59.0,350.0,825.6,-50.0,0.0,0.0,0.0,0.0,400.0,0.0,0.0,0.0,0.0,0.0,0.0,75.5,760.4000000000001,1.49,0.0,14.4907908,255.0,0.0,0.0,0.0,0.0,0.0,43.222771514356154,43.055188946552136,-0.1366447422649332,-0.1352918240246864,0.0,-0.0066069148903077,-8.59252,74.11764705882354,,,0.0,14.4,0.0,10.999999999999998,14.000000000000002,10.999999999999998,13.000000000000004,16.0,22.5,20.0,7.5,16.0,21.999999999999996,56.00000000000001,36.0,0.0,0.0,0.0,7.740000000000021
59.0,14.1,-11.3,760.4,0.0,0.0,0.0,23.0,53.6,57.2,53.6,55.400000000000006,53.6,-8.59252,55.400000000000006,71.6,11265.63361111111,40556281.0,0.0,0.0,5.28055555555556,4.22444444444444,3.96041666666667,24974.6,24705.5,18408.7,17817.2,0.0,0.0,0.0,0.0,760.0,2434.0,3.96,101.0,3.94,17.0,0.0,11265.6336111111,0.0,74.5,60.8,,,,,,,,,,,,,19.51,19.81,60.0,1.98,1.91,39.32,239.9,0.0,6.04,6.04,12.08,757.2,0.0,0.0,4.0,902.0,2850.0,27.0,152.60000000000002,1.0,37.0,825.6,0.0,66.7,5.800000000000001,13.0,0.0,41.0,0.0,59.0,59.0,350.0,825.6,-50.0,0.0,0.0,0.0,0.0,400.0,0.0,0.0,0.0,0.0,0.0,0.0,75.5,760.4000000000001,1.49,0.0,14.4907908,255.0,,0.0,0.0,0.0,,,,-0.1366447422649332,-0.1352918240246864,0.0,-0.0066069148903077,-8.59252,74.11764705882354,,,0.0,14.4,,10.999999999999998,14.000000000000002,10.999999999999998,13.000000000000004,16.0,,20.0,,,,56.00000000000001,36.0,0.0,,,
60.0,14.1,-11.3,760.4,0.0,0.0,0.0,23.0,53.6,57.2,53.6,55.400000000000006,53.6,-8.59252,55.400000000000006,71.6,11265.634166666669,40556283.0,0.0,0.0,5.28055555555556,4.22444444444444,3.96041666666667,24974.6,24705.5,18408.7,17817.2,0.0,0.0,0.0,0.0,760.0,2434.0,3.96,148.0,3.94,17.0,0.0,11265.6341666667,0.0,74.5,60.8,,,,,,,,,,,,,19.51,19.81,60.0,1.98,1.91,39.32,239.9,0.0,6.04,6.04,12.08,757.2,0.0,0.0,4.0,902.0,2850.0,27.0,152.60000000000002,1.0,37.0,825.6,0.0,66.7,5.800000000000001,13.0,0.0,41.0,0.0,59.0,59.0,350.0,825.6,-50.0,0.0,0.0,0.0,0.0,400.0,0.0,0.0,0.0,0.0,0.0,0.0,75.5,760.4000000000001,1.49,0.0,14.4907908,255.0,,0.0,0.0,0.0,,,,-0.1421099280412942,-0.1407028990507864,0.0,-0.0054110750261,-8.59252,74.11764705882354,,,0.0,14.4,,10.999999999999998,14.000000000000002,10.999999999999998,13.000000000000004,16.0,,20.0,,,,56.00000000000001,36.0,0.0,,,
61.0,14.1,-11.3,760.4,0.0,0.0,0.0,23.0,53.6,57.2,53.6,55.400000000000006,53.6,-8.59252,55.400000000000006,71.6,11265.634166666669,40556283.0,0.0,0.0,5.28055555555556,4.22444444444444,3.96041666666667,24974.6,24705.5,18408.7,17817.2,0.0,0.0,0.0,0.0,760.0,2434.0,3.96,148.0,3.94,17.0,0.0,11265.6341666667,0.0,74.5,,,,,,,,,,,,,,19.52,19.84,60.0,2.56,2.52,39.36,240.0,0.0,6.03,6.0200000000000005,12.04,758.2,0.0,0.0,4.0,902.0,2850.0,27.0,152.60000000000002,1.0,37.0,825.6,0.0,66.7,5.800000000000001,13.0,0.0,41.0,0.0,59.0,59.0,350.0,825.6,-50.0,0.0,0.0,0.0,0.0,400.0,0.0,0.0,0.0,0.0,0.0,0.0,75.5,760.5,1.489,0.0,14.4907908,255.0,,0.0,0.0,0.0,,,,-0.1421099280412942,-0.1407028990507864,0.0,-0.0054110750261,-8.59252,74.11764705882354,,,0.0,14.4,,10.999999999999998,14.000000000000002,10.999999999999998,13.000000000000004,,,,,,,56.00000000000001,36.0,0.0,,,
62.0,14.1,-11.3,760.5,0.0,0.0,0.0,23.0,53.6,57.2,53.6,55.400000000000006,53.6,-8.59365,55.400000000000006,71.6,11265.635,40556286.0,0.0,0.0,5.28125,4.225,3.9609375,24974.6,24705.5,18408.7,17817.2,0.0,0.0,0.0,0.0,760.0,2434.0,3.96,101.0,3.94,17.0,0.0,11265.635,0.0,74.5,,,,,,,,,,,,,,19.52,19.84,60.0,2.56,2.52,39.36,240.0,0.0,6.03,6.0200000000000005,12.04,758.2,0.0,0.0,4.0,902.0,2850.0,27.0,152.60000000000002,1.0,37.0,825.6,0.0,66.7,5.800000000000001,13.0,0.0,41.0,0.0,59.0,59.0,350.0,825.6,-50.0,0.0,0.0,0.0,0.0,400.0,0.0,0.0,0.0,0.0,0.0,0.0,75.5,760.5,1.489,0.0,14.4907908,255.0,,0.0,0.0,0.0,,,,-0.147670714889193,-0.1462086286031614,0.0,-0.005505729552375,-8.59365,74.11764705882354,,,0.0,14.4,,10.999999999999998,14.000000000000002,10.999999999999998,13.000000000000004,,,,,,,56.00000000000001,36.0,0.0,,,
63.0,14.1,-11.3,760.5,0.0,0.0,0.0,23.0,53.6,57.2,53.6,55.400000000000006,53.6,-8.59365,55.400000000000006,71.6,11265.635,40556286.0,0.0,0.0,5.28125,4.225,3.9609375,24974.6,24705.5,18408.7,17817.2,0.0,0.0,0.0,0.0,760.0,2434.0,3.96,101.0,3.94,17.0,0.0,11265.635,0.0,74.5,,,,,,,,,,,,,,19.5,19.81,60.0,1.97,1.89,39.31,239.7,0.0,6.03,6.0200000000000005,12.06,757.2,0.0,0.0,4.0,902.0,2850.0,27.0,152.60000000000002,1.0,37.0,825.6,0.0,66.7,5.800000000000001,13.0,0.0,41.0,0.0,59.0,59.0,350.0,825.6,-50.0,0.0,0.0,0.0,0.0,400.0,0.0,0.0,0.0,0.0,0.0,0.0,75.5,760.5,1.491,0.0,14.4907908,255.0,,0.0,0.0,0.0,,,,-0.147670714889193,-0.1462086286031614,0.0,-0.005505729552375,-8.59365,74.11764705882354,,,0.0,14.4,,10.999999999999998,14.000000000000002,10.999999999999998,13.000000000000004,,,,,,,56.00000000000001,36.0,0.0,,,
64.0,14.1,-11.3,760.6,0.0,0.0,0.0,23.0,53.6,57.2,53.6,55.400000000000006,53.6,-8.59478,55.400000000000006,71.6,11265.635555555556,40556288.0,0.0,0.0,5.28194444444444,4.22555555555556,3.96145833333333,24974.6,24705.5,18408.7,17817.2,0.0,0.0,0.0,0.0,760.0,2434.0,3.96,101.0,3.94,17.0,0.0,11265.6355555556,0.0,74.5,,56.3,37.0,69.80000000000001,82.4,72.5,45.5,,,,,,,19.5,19.81,60.0,1.97,1.89,39.31,239.7,0.0,6.03,6.0200000000000005,12.06,757.2,0.0,0.0,4.0,902.0,2850.0,27.0,152.60000000000002,1.0,37.0,825.6,0.0,66.7,5.800000000000001,13.0,0.0,41.0,0.0,59.0,59.0,350.0,825.6,-50.0,0.0,0.0,0.0,0.0,400.0,0.0,0.0,0.0,0.0,0.0,0.0,75.5,760.5,1.491,0.0,14.4907908,255.0,0.0,0.0,0.0,0.0,0.0,43.222771514356154,43.055188946552136,-0.1532786012871932,-0.1517609913734586,,-0.0055523627702972,-8.59478,74.11764705882354,,,0.0,14.4,0.0,10.999999999999998,14.000000000000002,10.999999999999998,13.000000000000004,,22.5,,7.5,,,56.00000000000001,36.0,0.0,0.0,0.0,
65.0,14.1,-11.3,760.6,0.0,0.0,0.0,23.0,53.6,57.2,53.6,55.400000000000006,53.6,-8.59478,55.400000000000006,71.6,11265.635555555556,40556288.0,0.0,0.0,5.28194444444444,4.22555555555556,3.96145833333333,24974.6,24705.5,18408.7,17817.2,0.0,0.0,0.0,0.0,760.0,2434.0,3.96,101.0,3.94,17.0,0.0,11265.6355555556,0.0,74.5,,56.3,37.0,69.80000000000001,82.4,72.5,45.5,,,,,,,19.5,19.81,60.0,1.97,1.89,39.31,239.7,0.0,6.03,6.0200000000000005,12.06,757.2,0.0,0.0,4.0,902.0,2850.0,27.0,152.60000000000002,1.0,37.0,825.6,0.0,66.7,5.800000000000001,13.0,0.0,41.0,0.0,59.0,59.0,350.0,825.6,-50.0,0.0,0.0,0.0,0.0,400.0,0.0,0.0,0.0,0.0,0.0,0.0,75.5,760.5,1.491,0.0,14.4907908,255.0,0.0,0.0,0.0,0.0,0.0,43.222771514356154,43.055188946552136,-0.1532786012871932,-0.1517609913734586,,-0.0055523627702972,-8.59478,74.11764705882354,,,0.0,14.4,0.0,10.999999999999998,14.000000000000002,10.999999999999998,13.000000000000004,,22.5,,7.5,,,56.00000000000001,36.0,0.0,0.0,0.0,
66.0,14.1,-11.3,760.6,0.0,0.0,0.0,23.0,53.6,57.2,53.6,55.400000000000006,53.6,-8.59478,55.400000000000006,71.6,11265.635555555556,40556288.0,0.0,0.0,5.28194444444444,4.22555555555556,3.96145833333333,24974.6,24705.5,18408.7,17817.2,0.0,0.0,0.0,0.0,760.0,2434.0,3.96,101.0,3.94,17.0,0.0,11265.6355555556,0.0,74.5,,56.3,37.0,69.80000000000001,82.4,72.5,45.5,,,,,,,19.52,19.82,60.0,2.0,1.96,39.33,239.7,0.0,6.03,6.04,12.07,757.6,0.0,0.0,4.0,902.0,2850.0,27.0,152.60000000000002,1.0,37.0,825.6,0.0,66.60000000000001,5.800000000000001,13.0,0.0,41.0,0.0,59.0,59.0,350.0,825.6,-50.0,0.0,0.0,0.0,0.0,400.0,0.0,0.0,0.0,0.0,0.0,0.0,75.5,760.6,1.49,0.0,14.4907908,255.0,0.0,0.0,0.0,0.0,0.0,43.222771514356154,43.055188946552136,-0.1532786012871932,-0.1517609913734586,,-0.0055523627702972,-8.59478,74.11764705882354,,,0.0,14.4,0.0,10.999999999999998,14.000000000000002,10.999999999999998,13.000000000000004,,22.5,,7.5,,,56.00000000000001,36.0,0.0,0.0,0.0,
67.0,14.1,-11.4,760.5,0.0,0.0,0.0,23.0,53.6,57.2,53.6,55.400000000000006,53.6,-8.6697,55.400000000000006,71.6,11265.636111111113,40556290.0,0.0,0.0,5.28125,4.225,3.9609375,24974.7,24705.5,18408.7,17817.2,0.0,0.0,0.0,0.0,760.0,2434.0,3.96,101.0,3.94,17.0,0.0,11265.6361111111,0.0,74.5,60.8,56.3,37.0,69.80000000000001,82.4,72.5,45.5,0.1000000000000227,100.0,14.501,756.6,9.18,14.568,19.52,19.82,60.0,2.0,1.96,39.33,239.7,0.0,6.03,6.04,12.07,757.6,0.0,0.0,4.0,902.0,2850.0,27.0,152.60000000000002,1.0,37.0,825.6,0.0,66.60000000000001,5.800000000000001,13.0,0.0,41.0,0.0,59.0,59.0,350.0,825.6,-50.0,0.0,0.0,0.0,0.0,400.0,0.0,0.0,0.0,0.0,0.0,0.0,75.5,760.6,1.49,0.0,14.4907908,255.0,0.0,0.0,0.0,0.0,0.0,43.222771514356154,43.055188946552136,-0.1591405863393047,-0.1575649369696086,0.0,-0.00580394559615,-8.6697,74.11764705882354,,,0.0,14.4,0.0,10.999999999999998,14.000000000000002,10.999999999999998,13.000000000000004,16.0,22.5,20.0,7.5,16.0,21.999999999999996,56.00000000000001,36.0,0.0,0.0,0.0,9.079999999999977
68.0,14.1,-11.4,760.5,0.0,0.0,0.0,23.0,53.6,57.2,53.6,55.400000000000006,53.6,-8.6697,55.400000000000006,71.6,11265.636111111113,40556290.0,0.0,0.0,5.28125,4.225,3.9609375,24974.7,24705.5,18408.7,17817.2,0.0,0.0,0.0,0.0,760.0,2434.0,3.96,101.0,3.94,17.0,0.0,11265.6361111111,0.0,74.5,60.8,56.3,37.0,69.80000000000001,82.4,72.5,45.5,0.1000000000000227,100.0,14.501,756.6,9.18,14.568,19.52,19.82,60.0,2.0,1.96,39.33,239.7,0.0,6.03,6.04,12.07,757.6,0.0,0.0,4.0,902.0,2850.0,27.0,152.60000000000002,1.0,37.0,825.6,0.0,66.7,5.800000000000001,13.0,0.0,41.0,0.0,59.0,59.0,350.0,825.6,-50.0,0.0,0.0,0.0,0.0,400.0,0.0,0.0,0.0,0.0,0.0,0.0,75.5,760.5,1.49,0.0,14.4907908,255.0,0.0,0.0,0.0,0.0,0.0,43.222771514356154,43.055188946552136,-0.1591405863393047,-0.1575649369696086,0.0,-0.00580394559615,-8.6697,74.11764705882354,,,0.0,14.4,0.0,10.999999999999998,14.000000000000002,10.999999999999998,13.000000000000004,16.0,22.5,20.0,7.5,16.0,21.999999999999996,56.00000000000001,36.0,0.0,0.0,0.0,9.079999999999977
69.0,14.1,-11.3,760.4,0.0,0.0,0.0,23.0,53.6,57.2,53.6,55.400000000000006,53.6,-8.59252,55.400000000000006,71.6,11265.636944444444,40556293.0,0.0,0.0,5.28055555555556,4.22444444444444,3.96041666666667,24974.7,24705.5,18408.7,17817.2,0.0,0.0,0.0,0.0,760.0,2434.0,3.96,101.0,3.94,17.0,0.0,11265.6369444444,0.0,74.5,60.8,56.3,37.0,69.80000000000001,82.4,72.5,45.5,0.1000000000000227,100.0,14.501,756.6,9.18,14.568,19.52,19.81,60.0,1.99,1.92,39.33,239.8,0.0,6.04,6.04,12.08,757.6,0.0,0.0,4.0,902.0,2850.0,27.0,152.60000000000002,1.0,37.0,825.6,0.0,66.7,5.800000000000001,13.0,0.0,41.0,0.0,59.0,59.0,350.0,825.6,-50.0,0.0,0.0,0.0,0.0,400.0,0.0,0.0,0.0,0.0,0.0,0.0,75.5,760.5,1.49,0.0,14.4907908,255.0,0.0,0.0,0.0,0.0,0.0,43.222771514356154,43.055188946552136,-0.1661442803718878,-0.1644992874969186,0.0,-0.00693435052731,-8.59252,74.11764705882354,,,0.0,14.5,0.0,10.999999999999998,14.000000000000002,10.999999999999998,13.000000000000004,16.0,22.5,20.0,7.5,16.0,21.999999999999996,56.00000000000001,36.0,0.0,0.0,0.0,9.079999999999977
70.0,14.1,-11.3,760.4,0.0,0.0,0.0,23.0,53.6,57.2,53.6,55.400000000000006,53.6,-8.59252,55.400000000000006,71.6,11265.636944444444,40556293.0,0.0,0.0,5.28055555555556,4.22444444444444,3.96041666666667,24974.7,24705.5,18408.7,17817.2,0.0,0.0,0.0,0.0,760.0,2434.0,3.96,101.0,3.94,17.0,0.0,11265.6369444444,0.0,74.5,60.8,56.3,37.0,69.80000000000001,82.4,72.5,45.5,0.1000000000000227,100.0,14.501,756.6,9.18,14.568,19.52,19.81,60.0,1.99,1.92,39.33,239.8,0.0,6.04,6.04,12.08,757.6,0.0,0.0,4.0,902.0,2850.0,27.0,152.60000000000002,1.0,37.0,825.6,0.0,66.7,5.800000000000001,13.0,0.0,41.0,0.0,59.0,59.0,350.0,825.6,-50.0,0.0,0.0,0.0,0.0,400.0,0.0,0.0,0.0,0.0,0.0,0.0,75.5,760.5,1.49,0.0,14.4907908,255.0,0.0,0.0,0.0,0.0,0.0,43.222771514356154,43.055188946552136,-0.1661442803718878,-0.1644992874969186,0.0,-0.00693435052731,-8.59252,74.11764705882354,,,0.0,14.5,0.0,10.999999999999998,14.000000000000002,10.999999999999998,13.000000000000004,16.0,22.5,20.0,7.5,16.0,21.999999999999996,56.00000000000001,36.0,0.0,0.0,0.0,9.079999999999977
71.0,14.1,-11.3,760.4,0.0,0.0,0.0,23.0,53.6,57.2,53.6,55.400000000000006,53.6,-8.59252,55.400000000000006,71.6,11265.636944444444,40556293.0,0.0,0.0,5.28055555555556,4.22444444444444,3.96041666666667,24974.7,24705.5,18408.7,17817.2,0.0,0.0,0.0,0.0,760.0,2434.0,3.96,101.0,3.94,17.0,0.0,11265.6369444444,0.0,74.5,60.8,56.3,37.0,69.80000000000001,82.4,72.5,45.5,,,,,,,19.52,19.84,60.0,3.0,2.99,39.35,239.8,0.0,6.04,6.04,12.08,758.2,0.0,0.0,4.0,902.0,2850.0,27.0,152.60000000000002,1.0,37.0,825.6,0.0,66.60000000000001,5.800000000000001,13.0,0.0,41.0,0.0,59.0,59.0,350.0,825.6,-50.0,0.0,0.0,0.0,0.0,400.0,0.0,0.0,0.0,0.0,0.0,0.0,75.5,760.4000000000001,1.49,0.0,14.4907908,255.0,0.0,0.0,0.0,0.0,0.0,43.222771514356154,43.055188946552136,-0.1661442803718878,-0.1644992874969186,0.0,-0.00693435052731,-8.59252,74.11764705882354,,,0.0,14.4,0.0,10.999999999999998,14.000000000000002,10.999999999999998,13.000000000000004,16.0,22.5,20.0,7.5,,,56.00000000000001,36.0,0.0,0.0,0.0,
72.0,14.1,-11.3,760.4,0.0,0.0,0.0,23.0,53.6,57.2,53.6,55.400000000000006,53.6,-8.59252,55.400000000000006,71.6,11265.637777777778,40556296.0,0.0,0.0,5.28055555555556,4.22444444444444,3.96041666666667,24974.7,24705.5,18408.7,17817.2,0.0,0.0,0.0,0.0,760.0,2434.0,3.96,101.0,3.94,17.0,0.0,11265.6377777778,0.0,74.5,60.8,56.3,37.0,69.80000000000001,82.4,72.5,45.5,,,,,,,19.52,19.84,60.0,3.0,2.99,39.35,239.8,0.0,6.04,6.04,12.08,758.2,0.0,0.0,4.0,902.0,2850.0,27.0,152.60000000000002,1.0,37.0,825.6,0.0,66.60000000000001,5.800000000000001,13.0,0.0,41.0,0.0,59.0,59.0,350.0,825.6,-50.0,0.0,0.0,0.0,0.0,400.0,0.0,0.0,0.0,0.0,0.0,0.0,75.5,760.4000000000001,1.49,0.0,14.4995802,255.0,0.0,0.0,0.0,0.0,0.0,43.222771514356154,43.055188946552136,-0.1718053345582581,-0.1701042916418397,0.0,-0.0056050041449211,-8.59252,74.11764705882354,,,0.0,14.4,0.0,10.999999999999998,14.000000000000002,10.999999999999998,13.000000000000004,16.0,22.5,20.0,7.5,,,56.00000000000001,36.0,0.0,0.0,0.0,
73.0,14.1,-11.3,760.4,0.0,0.0,0.0,23.0,53.6,57.2,53.6,55.400000000000006,53.6,-8.59252,55.400000000000006,71.6,11265.637777777778,40556296.0,0.0,0.0,5.28055555555556,4.22444444444444,3.96041666666667,24974.7,24705.5,18408.7,17817.2,0.0,0.0,0.0,0.0,760.0,2434.0,3.96,101.0,3.94,17.0,0.0,11265.6377777778,0.0,74.5,60.8,56.3,37.0,69.80000000000001,82.4,72.5,45.5,,,,,,,19.51,19.83,60.0,2.86,2.8000000000000003,39.34,240.0,0.0,6.0200000000000005,6.04,12.06,757.3000000000001,0.0,0.0,4.0,902.0,2850.0,27.0,152.60000000000002,1.0,37.0,825.6,0.0,66.7,5.800000000000001,13.0,0.0,41.0,0.0,59.0,59.0,350.0,825.6,-50.0,0.0,0.0,0.0,0.0,400.0,0.0,0.0,0.0,0.0,0.0,0.0,75.5,760.5,1.489,0.0,14.4995802,255.0,0.0,0.0,0.0,0.0,0.0,43.222771514356154,43.055188946552136,-0.1718053345582581,-0.1701042916418397,0.0,-0.0056050041449211,-8.59252,74.11764705882354,,,0.0,14.4,0.0,10.999999999999998,14.000000000000002,10.999999999999998,13.000000000000004,16.0,22.5,20.0,7.5,,,56.00000000000001,36.0,0.0,0.0,0.0,
74.0,14.1,-11.3,760.5,0.0,0.0,0.0,23.0,53.6,57.2,53.6,55.400000000000006,53.6,-8.59365,55.400000000000006,71.6,11265.638333333334,40556298.0,0.0,0.0,5.28125,4.225,3.9609375,24974.7,24705.5,18408.8,17817.2,0.0,0.0,0.0,0.0,760.0,2434.0,3.96,148.0,3.94,17.0,0.0,11265.6383333333,0.0,74.5,60.8,56.3,37.0,69.80000000000001,82.4,72.5,45.5,0.0099999999999909,100.0,14.5,756.9000000000001,7.56,14.569,19.51,19.83,60.0,2.86,2.8000000000000003,39.34,240.0,0.0,6.0200000000000005,6.04,12.06,757.3000000000001,0.0,0.0,4.0,902.0,2850.0,27.0,152.60000000000002,1.0,37.0,825.6,0.0,66.7,5.800000000000001,13.0,0.0,41.0,0.0,59.0,59.0,350.0,825.6,-50.0,0.0,0.0,0.0,0.0,400.0,0.0,0.0,0.0,0.0,0.0,0.0,75.5,760.5,1.489,0.0,14.4995802,255.0,0.0,0.0,0.0,0.0,0.0,43.222771514356154,43.055188946552136,-0.1771775260464931,-0.1754232931153397,0.0,-0.0053190014735,-8.59365,74.11764705882354,,,0.0,14.4,0.0,10.999999999999998,14.000000000000002,10.999999999999998,13.000000000000004,16.0,22.5,20.0,7.5,16.0,21.999999999999996,56.00000000000001,36.0,0.0,0.0,0.0,7.550000000000009
75.0,14.1,-11.3,760.5,0.0,0.0,0.0,23.0,53.6,57.2,53.6,55.400000000000006,53.6,-8.59365,55.400000000000006,71.6,11265.638333333334,40556298.0,0.0,0.0,5.28125,4.225,3.9609375,24974.7,24705.5,18408.8,17817.2,0.0,0.0,0.0,0.0,760.0,2434.0,3.96,148.0,3.94,17.0,0.0,11265.6383333333,0.0,74.5,60.8,56.3,37.0,69.80000000000001,82.4,72.5,45.5,0.0099999999999909,100.0,14.5,756.9000000000001,7.56,14.569,19.51,19.83,60.0,2.86,2.8000000000000003,39.34,240.0,0.0,6.0200000000000005,6.04,12.06,757.3000000000001,0.0,0.0,4.0,902.0,2850.0,27.0,152.60000000000002,1.0,37.0,825.6,0.0,66.7,5.800000000000001,13.0,0.0,41.0,0.0,59.0,59.0,350.0,825.6,-50.0,0.0,0.0,0.0,0.0,400.0,0.0,0.0,0.0,0.0,0.0,0.0,75.5,760.5,1.489,0.0,14.4907908,255.0,0.0,0.0,0.0,0.0,0.0,43.222771514356154,43.055188946552136,-0.1771775260464931,-0.1754232931153397,0.0,-0.0053190014735,-8.59365,74.11764705882354,,,0.0,14.4,0.0,10.999999999999998,14.000000000000002,10.999999999999998,13.000000000000004,16.0,22.5,20.0,7.5,16.0,21.999999999999996,56.00000000000001,36.0,0.0,0.0,0.0,7.550000000000009
76.0,14.1,-11.3,760.5,0.0,0.0,0.0,23.0,53.6,57.2,53.6,55.400000000000006,53.6,-8.59365,55.400000000000006,71.6,11265.638333333334,40556298.0,0.0,0.0,5.28125,4.225,3.9609375,24974.7,24705.5,18408.8,17817.2,0.0,0.0,0.0,0.0,760.0,2434.0,3.96,148.0,3.94,17.0,0.0,11265.6383333333,0.0,74.5,60.8,56.3,37.0,69.80000000000001,82.4,72.5,45.5,0.0099999999999909,100.0,14.5,756.9000000000001,7.56,14.569,19.53,19.86,60.0,3.02,3.0,39.38,239.8,0.0,6.03,6.03,12.06,757.2,0.0,0.0,4.0,902.0,2850.0,27.0,152.60000000000002,1.0,37.0,825.6,0.0,66.60000000000001,5.800000000000001,13.0,0.0,41.0,0.0,59.0,59.0,350.0,825.6,-50.0,0.0,0.0,0.0,0.0,400.0,0.0,0.0,0.0,0.0,0.0,0.0,75.5,760.6,1.489,0.0,14.4907908,255.0,0.0,0.0,0.0,0.0,0.0,43.222771514356154,43.055188946552136,-0.1771775260464931,-0.1754232931153397,0.0,-0.0053190014735,-8.59365,74.11764705882354,,,0.0,14.4,0.0,10.999999999999998,14.000000000000002,10.999999999999998,13.000000000000004,16.0,22.5,20.0,7.5,16.0,21.999999999999996,56.00000000000001,36.0,0.0,0.0,0.0,7.550000000000009
77.0,14.1,-11.4,760.6,0.0,0.0,0.0,23.0,53.6,57.2,53.6,55.400000000000006,53.6,-8.67084,55.400000000000006,71.6,11265.638888888889,40556300.0,0.0,0.0,5.28194444444444,4.22555555555556,3.96145833333333,24974.7,24705.5,18408.8,17817.2,0.0,0.0,0.0,0.0,760.0,2434.0,3.96,101.0,3.94,17.0,0.0,11265.6388888889,0.0,74.5,60.8,56.3,37.0,69.80000000000001,82.4,72.5,45.5,0.0099999999999909,100.0,14.5,756.9000000000001,7.56,14.569,19.53,19.86,60.0,3.02,3.0,39.38,239.8,0.0,6.03,6.03,12.06,757.2,0.0,0.0,4.0,902.0,2850.0,27.0,152.60000000000002,1.0,37.0,825.6,0.0,66.60000000000001,5.800000000000001,13.0,0.0,41.0,0.0,59.0,59.0,350.0,825.6,-50.0,0.0,0.0,0.0,0.0,400.0,0.0,0.0,0.0,0.0,0.0,0.0,75.5,760.6,1.489,0.0,14.4995802,255.0,0.0,0.0,0.0,0.0,0.0,43.222771514356154,43.055188946552136,-0.1835719526686816,-0.181754408582853,0.0,-0.0063311154675133,-8.67084,74.11764705882354,,,0.0,14.4,0.0,10.999999999999998,14.000000000000002,10.999999999999998,13.000000000000004,16.0,22.5,20.0,7.5,16.0,21.999999999999996,56.00000000000001,36.0,0.0,0.0,0.0,7.550000000000009
78.0,14.1,-11.4,760.6,0.0,0.0,0.0,23.0,53.6,57.2,53.6,55.400000000000006,53.6,-8.67084,55.400000000000006,71.6,11265.638888888889,40556300.0,0.0,0.0,5.28194444444444,4.22555555555556,3.96145833333333,24974.7,24705.5,18408.8,17817.2,0.0,0.0,0.0,0.0,760.0,2434.0,3.96,101.0,3.94,17.0,0.0,11265.6388888889,0.0,74.5,,56.3,37.0,69.80000000000001,82.4,72.5,45.5,,,,,,,19.52,19.82,60.0,2.44,2.45,39.34,240.0,0.0,6.0200000000000005,6.0200000000000005,12.04,757.8000000000001,0.0,0.0,4.0,902.0,2850.0,27.0,152.60000000000002,1.0,37.0,825.6,0.0,66.7,5.800000000000001,13.0,0.0,41.0,0.0,59.0,59.0,350.0,825.6,-50.0,0.0,0.0,0.0,0.0,400.0,0.0,0.0,0.0,0.0,0.0,0.0,75.5,760.6,1.489,0.0,14.4995802,255.0,0.0,0.0,0.0,0.0,0.0,43.222771514356154,43.055188946552136,-0.1835719526686816,-0.181754408582853,0.0,-0.0063311154675133,-8.67084,74.11764705882354,,,0.0,14.4,0.0,10.999999999999998,14.000000000000002,10.999999999999998,13.000000000000004,,22.5,,7.5,,,56.00000000000001,36.0,0.0,0.0,0.0,
79.0,14.1,-11.4,760.6,0.0,0.0,0.0,23.0,53.6,57.2,53.6,55.400000000000006,53.6,-8.67084,55.400000000000006,71.6,11265.639722222222,40556303.0,0.0,0.0,5.28194444444444,4.22555555555556,3.96145833333333,24974.7,24705.5,18408.8,17817.2,0.0,0.0,0.0,0.0,760.0,2434.0,3.96,101.0,3.94,17.0,0.0,11265.6397222222,0.0,74.5,,56.3,37.0,69.80000000000001,82.4,72.5,45.5,,,,,,,19.52,19.82,60.0,2.44,2.45,39.34,240.0,0.0,6.0200000000000005,6.0200000000000005,12.04,757.8000000000001,0.0,0.0,4.0,902.0,2850.0,27.0,152.60000000000002,1.0,37.0,825.6,0.0,66.7,5.800000000000001,13.0,0.0,41.0,0.0,59.0,59.0,350.0,825.6,-50.0,0.0,0.0,0.0,0.0,400.0,0.0,0.0,0.0,0.0,0.0,0.0,75.5,760.6,1.489,0.0,14.4995802,255.0,0.0,0.0,0.0,0.0,0.0,43.222771514356154,43.055188946552136,-0.1888378151926373,-0.1869681338540963,0.0,-0.0052137252712433,-8.67084,74.11764705882354,,,0.0,14.4,0.0,10.999999999999998,14.000000000000002,10.999999999999998,13.000000000000004,,22.5,,7.5,,,56.00000000000001,36.0,0.0,0.0,0.0,
80.0,14.1,-11.4,760.6,0.0,0.0,0.0,23.0,53.6,57.2,53.6,55.400000000000006,53.6,-8.67084,55.400000000000006,71.6,11265.639722222222,40556303.0,0.0,0.0,5.28194444444444,4.22555555555556,3.96145833333333,24974.7,24705.5,18408.8,17817.2,0.0,0.0,0.0,0.0,760.0,2434.0,3.96,101.0,3.94,17.0,0.0,11265.6397222222,0.0,74.5,,56.3,37.0,69.80000000000001,82.4,72.5,45.5,,,,,,,19.52,19.82,60.0,2.44,2.45,39.34,240.0,0.0,6.0200000000000005,6.0200000000000005,12.04,757.8000000000001,0.0,0.0,4.0,902.0,2850.0,27.0,152.60000000000002,1.0,37.0,825.6,0.0,66.7,5.800000000000001,13.0,0.0,41.0,0.0,59.0,59.0,350.0,825.6,-50.0,0.0,0.0,0.0,0.0,400.0,0.0,0.0,0.0,0.0,0.0,0.0,75.5,760.6,1.489,0.0,14.4907908,255.0,0.0,0.0,0.0,0.0,0.0,43.222771514356154,43.055188946552136,-0.1888378151926373,-0.1869681338540963,0.0,-0.0052137252712433,-8.67084,74.11764705882354,,,0.0,14.4,0.0,10.999999999999998,14.000000000000002,10.999999999999998,13.000000000000004,,22.5,,7.5,,,56.00000000000001,36.0,0.0,0.0,0.0,
81.0,14.1,-11.4,760.6,0.0,0.0,0.0,23.0,53.6,57.2,53.6,55.400000000000006,53.6,-8.67084,55.400000000000006,71.6,11265.639722222222,40556303.0,0.0,0.0,5.28194444444444,4.22555555555556,3.96145833333333,24974.7,24705.5,18408.8,17817.2,0.0,0.0,0.0,0.0,760.0,2434.0,3.96,101.0,3.94,17.0,0.0,11265.6397222222,0.0,74.5,,56.3,37.0,69.80000000000001,82.4,72.5,45.5,,,,,,,19.53,19.84,60.0,2.75,2.73,39.38,240.0,0.0,6.0200000000000005,6.01,12.03,757.5,0.0,0.0,4.0,902.0,2850.0,27.0,152.60000000000002,1.0,37.0,825.6,0.0,66.7,5.800000000000001,13.0,0.0,41.0,0.0,59.0,59.0,350.0,825.6,-50.0,0.0,0.0,0.0,0.0,400.0,0.0,0.0,0.0,0.0,0.0,0.0,75.5,760.5,1.49,0.0,14.4907908,255.0,0.0,0.0,0.0,0.0,0.0,43.222771514356154,43.055188946552136,-0.1888378151926373,-0.1869681338540963,0.0,-0.0052137252712433,-8.67084,74.11764705882354,,,0.0,14.4,0.0,10.999999999999998,14.000000000000002,10.999999999999998,13.000000000000004,,22.5,,7.5,,,56.00000000000001,36.0,0.0,0.0,0.0,
82.0,14.1,-11.3,760.5,0.0,0.0,0.0,23.0,53.6,57.2,53.6,55.400000000000006,53.6,-8.59365,55.400000000000006,71.6,11265.640277777778,40556305.0,0.0,0.0,5.28125,4.225,3.9609375,24974.7,24705.5,18408.8,17817.2,0.0,0.0,0.0,0.0,760.0,2435.0,3.96,101.0,3.94,17.0,0.0,11265.6402777778,0.0,74.5,60.8,56.3,37.0,69.80000000000001,82.4,72.5,45.5,,,,,,,19.53,19.84,60.0,2.75,2.73,39.38,240.0,0.0,6.0200000000000005,6.01,12.03,757.5,0.0,0.0,4.0,902.0,2850.0,27.0,152.60000000000002,1.0,37.0,825.6,0.0,66.7,5.800000000000001,13.0,0.0,41.0,0.0,59.0,59.0,350.0,825.6,-50.0,0.0,0.0,0.0,0.0,400.0,0.0,0.0,0.0,0.0,0.0,0.0,75.5,760.5,1.49,0.0,14.4917674,255.0,0.0,0.0,0.0,0.0,0.0,43.222771514356154,43.055188946552136,-0.1954125127595261,-0.1934777354054714,0.0,-0.006509601551375,-8.59365,74.11764705882354,,,0.0,14.4,0.0,10.999999999999998,14.000000000000002,10.999999999999998,13.000000000000004,16.0,22.5,20.0,7.5,,,56.00000000000001,36.0,0.0,0.0,0.0,
83.0,14.1,-11.3,760.5,0.0,0.0,0.0,23.0,53.6,57.2,53.6,55.400000000000006,53.6,-8.59365,55.400000000000006,71.6,11265.640277777778,40556305.0,0.0,0.0,5.28125,4.225,3.9609375,24974.7,24705.5,18408.8,17817.2,0.0,0.0,0.0,0.0,760.0,2435.0,3.96,101.0,3.94,17.0,0.0,11265.6402777778,0.0,74.5,60.8,56.3,37.0,69.80000000000001,82.4,72.5,45.5,,,,,,,19.52,19.85,60.0,2.7,2.63,39.37,240.0,0.0,6.01,6.0200000000000005,12.04,757.4000000000001,0.0,0.0,4.0,902.0,2850.0,27.0,152.60000000000002,1.0,37.0,825.6,0.0,66.60000000000001,5.800000000000001,13.0,0.0,41.0,0.0,59.0,59.0,350.0,825.6,-50.0,0.0,0.0,0.0,0.0,400.0,0.0,0.0,0.0,0.0,0.0,0.0,75.5,760.5,1.491,0.0,14.4917674,255.0,0.0,0.0,0.0,0.0,0.0,43.222771514356154,43.055188946552136,-0.1954125127595261,-0.1934777354054714,0.0,-0.006509601551375,-8.59365,74.11764705882354,,,0.0,14.4,0.0,10.999999999999998,14.000000000000002,10.999999999999998,13.000000000000004,16.0,22.5,20.0,7.5,,,56.00000000000001,36.0,0.0,0.0,0.0,
84.0,14.1,-11.3,760.5,0.0,0.0,0.0,23.0,53.6,57.2,53.6,55.400000000000006,53.6,-8.59365,55.400000000000006,71.6,11265.641111111112,40556308.0,0.0,0.0,5.28125,4.225,3.9609375,24974.7,24705.5,18408.8,17817.2,0.0,0.0,0.0,0.0,760.0,2435.0,3.96,101.0,3.94,17.0,0.0,11265.6411111111,0.0,74.5,60.8,,,,,,,,,,,,,19.52,19.85,60.0,2.7,2.63,39.37,240.0,0.0,6.01,6.0200000000000005,12.04,757.4000000000001,0.0,0.0,4.0,902.0,2850.0,27.0,152.60000000000002,1.0,37.0,825.6,0.0,66.60000000000001,5.800000000000001,13.0,0.0,41.0,0.0,59.0,59.0,350.0,825.6,-50.0,0.0,0.0,0.0,0.0,400.0,0.0,0.0,0.0,0.0,0.0,0.0,75.5,760.5,1.491,0.0,14.4907908,255.0,,0.0,0.0,0.0,,,,-0.2006791886845772,-0.1986922660243339,0.0,-0.0052145306188625,-8.59365,74.11764705882354,,,0.0,14.4,,10.999999999999998,14.000000000000002,10.999999999999998,13.000000000000004,16.0,,20.0,,,,56.00000000000001,36.0,0.0,,,
85.0,14.1,-11.3,760.6,0.0,0.0,0.0,23.0,53.6,57.2,53.6,55.400000000000006,53.6,-8.59478,55.400000000000006,71.6,11265.64138888889,40556309.0,0.0,0.0,5.28194444444444,4.22555555555556,3.96145833333333,24974.7,24705.5,18408.8,17817.2,0.0,0.0,0.0,0.0,760.0,2435.0,3.96,101.0,3.94,17.0,0.0,11265.6413888889,0.0,74.5,60.8,,,,,,,,,,,,,19.52,19.85,60.0,2.7,2.63,39.37,240.0,0.0,6.01,6.0200000000000005,12.04,757.4000000000001,0.0,0.0,4.0,902.0,2850.0,27.0,152.60000000000002,1.0,37.0,825.6,0.0,66.60000000000001,5.800000000000001,13.0,0.0,41.0,0.0,59.0,59.0,350.0,825.6,-50.0,0.0,0.0,0.0,0.0,400.0,0.0,0.0,0.0,0.0,0.0,0.0,75.5,760.5,1.491,0.0,14.4907908,255.0,,0.0,0.0,0.0,,,,-0.2036610025280782,-0.2016445569584933,0.0,-0.0029522909341594,-8.59478,74.11764705882354,,,0.0,14.4,,10.999999999999998,14.000000000000002,10.999999999999998,13.000000000000004,16.0,,20.0,,,,56.00000000000001,36.0,0.0,,,
86.0,14.1,-11.3,760.6,0.0,0.0,0.0,23.0,53.6,57.2,53.6,55.400000000000006,53.6,-8.59478,55.400000000000006,71.6,11265.64138888889,40556309.0,0.0,0.0,5.28194444444444,4.22555555555556,3.96145833333333,24974.7,24705.5,18408.8,17817.2,0.0,0.0,0.0,0.0,760.0,2435.0,3.96,101.0,3.94,17.0,0.0,11265.6413888889,0.0,74.5,60.8,,,,,,,,,,,,,19.52,19.85,60.0,2.7,2.63,39.37,240.0,0.0,6.01,6.0200000000000005,12.04,757.4000000000001,0.0,0.0,4.0,902.0,2850.0,27.0,152.60000000000002,1.0,37.0,825.6,0.0,66.7,5.800000000000001,13.0,0.0,41.0,0.0,59.0,59.0,350.0,825.6,-50.0,0.0,0.0,0.0,0.0,400.0,0.0,0.0,0.0,0.0,0.0,0.0,75.5,760.6,1.489,0.0,14.4907908,255.0,,0.0,0.0,,,,,-0.2036610025280782,-0.2016445569584933,0.0,-0.0029522909341594,-8.59478,74.11764705882354,,,0.0,,,10.999999999999998,14.000000000000002,10.999999999999998,13.000000000000004,16.0,,20.0,,,,56.00000000000001,36.0,0.0,,,
87.0,14.1,-11.3,760.7,0.0,0.0,0.0,23.0,53.6,57.2,53.6,55.400000000000006,53.6,-8.59591,55.400000000000006,71.6,11265.641944444444,40556311.0,0.0,0.0,5.28263888888889,4.22611111111111,3.96197916666667,24974.7,24705.5,18408.8,17817.2,0.0,0.0,0.0,0.0,760.0,2435.0,3.96,101.0,3.94,17.0,0.0,11265.6419444444,0.0,74.5,60.8,,,,,,,,,,,,,19.5,19.81,60.0,3.09,3.1,39.31,239.9,0.0,6.0200000000000005,6.01,12.02,757.7,0.0,0.0,4.0,902.0,2850.0,27.0,152.60000000000002,1.0,37.0,825.6,0.0,66.7,5.800000000000001,13.0,0.0,41.0,0.0,59.0,59.0,350.0,825.6,-50.0,0.0,0.0,0.0,0.0,400.0,0.0,0.0,0.0,0.0,0.0,0.0,75.5,760.6,1.489,0.0,14.4907908,,,0.0,,,,,,-0.2088306263069339,-0.2067629963434989,0.0,-0.0051184393850055,-8.595910000000002,,,,0.0,,,10.999999999999998,14.000000000000002,10.999999999999998,13.000000000000004,16.0,,20.0,,,,56.00000000000001,36.0,0.0,,,
88.0,14.1,-11.3,760.7,0.0,0.0,0.0,23.0,53.6,57.2,53.6,55.400000000000006,53.6,-8.59591,55.400000000000006,71.6,11265.641944444444,40556311.0,0.0,0.0,5.28263888888889,4.22611111111111,3.96197916666667,24974.7,24705.5,18408.8,17817.2,0.0,0.0,0.0,0.0,760.0,2435.0,3.96,101.0,3.94,17.0,0.0,11265.6419444444,0.0,74.5,60.8,,,,,,,0.0300000000000295,100.0,14.5,757.3000000000001,10.48,14.567,19.5,19.81,60.0,3.09,3.1,39.31,239.9,0.0,6.0200000000000005,6.01,12.02,757.7,0.0,0.0,4.0,902.0,2850.0,27.0,152.60000000000002,1.0,37.0,825.6,0.0,66.7,5.800000000000001,13.0,0.0,41.0,0.0,59.0,59.0,350.0,825.6,-50.0,0.0,0.0,0.0,0.0,400.0,0.0,0.0,0.0,0.0,0.0,0.0,75.5,760.6,1.489,0.0,14.4907908,,,0.0,,,,,,-0.2088306263069339,-0.2067629963434989,0.0,-0.0051184393850055,-8.595910000000002,,,,0.0,,,10.999999999999998,14.000000000000002,10.999999999999998,13.000000000000004,16.0,,20.0,,16.0,21.999999999999996,56.00000000000001,36.0,0.0,,,10.44999999999997
